Feature_1;Feature_2;Feature_3;Feature_4;Feature_5;Feature_6;Feature_7;Feature_8;Water_Level
0,488786474;1,374983636;;-0,463432914;-1,322271479;;0,4142669;-1,107425046;29,57879825
0,104005423;2,042944861;;-0,961444444;0,382007205;-1,225791741;1,71998453;1,403619669;25,02968212
;-0,897293181;-0,425769873;-0,295665612;0,383567132;1,039632329;;1,010909565;31,56405556
0,617685613;-0,507789491;-1,086711896;0,116232717;-1,059588484;1,023680849;-1,123882772;0,547706193;21,39130689
-0,080616365;-0,560624884;-0,102831506;1,07998317;-1,192257409;-0,412156555;-0,751743565;-0,038617134;31,69089276
-0,684680893;-1,768081242;;1,637755019;0,246728211;0,212362054;-0,28261239;-0,051625424;20,47997778
-0,429811923;0,526928531;0,100808854;-1,17126821;0,253724503;-2,458741923;0,4138592;-1,409356857;27,46949091
-0,096055086;-1,194627603;;0,578278519;1,502827085;-1,541357655;0,975472956;0,131152705;32,92154695
-0,450667153;0,759856505;-0,235924851;0,717530516;-0,992269713;-0,632997032;0,943600053;;21,29742911
-0,035031899;-2,787288925;-0,199049283;0,032426118;-0,232773377;0,336338562;-0,476909928;0,838870861;27,76608405
;1,236848707;1,550078824;-0,913059738;-0,913599826;0,410695314;-1,18722041;-0,492602871;22,39087158
1,102526956;0,737606764;1,980196342;;-0,610838002;0,051243512;-0,150588339;-0,136557109;33,42223625
-0,023803708;-0,931766709;0,282217755;-1,408663268;-0,716826608;-0,118878763;-2,259553313;0,768991536;32,48518291
-2,05315451;0,669587691;-1,29280929;-0,404918691;0,519130647;2,198139519;0,116451978;-1,982626328;34,00875865
0,953695133;-0,231918405;0,069906654;0,55786303;-2,225377957;0,006536848;-0,40969389;1,221834906;33,12473512
0,727113763;-1,627001923;1,262625852;0,449525088;-1,547241597;0,055753103;1,034826114;-1,214043873;31,04829965
1,377577336;-1,512628774;-0,791227177;-0,942870835;1,376933732;-0,491016137;-1,162817003;0,445210879;22,77333793
0,661180991;0,667536095;-0,271339165;0,254534301;-0,650233086;1,674801678;1,144205159;1,082956829;24,53753924
0,794115935;0,519733306;-1,244362484;0,633301236;0,11426523;1,263364085;0,807419182;0,55038047;27,45282737
;-0,089000537;-0,55789226;0,252365924;-0,415548271;-0,275945776;0,459033905;;28,83345172
0,12159154;-1,519411891;-0,832401477;0,656043567;-1,230192117;;0,974399355;-0,268229935;31,73275093
2,998734106;1,243103578;-0,949279507;0,746174054;;-0,776712091;-1,069909143;0,994893335;23,40439442
-0,597945465;-0,101876355;;-0,748157937;-0,1269292;0,388182293;-2,588359164;;21,92416091
;1,402362653;;-0,359279035;-1,722228561;0,11687697;;1,971350649;27,23915256
1,666589343;0,865374971;-0,586694081;0,677766566;0,265006359;0,241323203;-1,558229849;1,061795338;22,36762116
0,107808328;-0,100841348;-0,600156495;-0,7936165;0,317258581;-1,749162802;0,78949876;-1,054105437;30,40605203
-2,058680686;1,821895316;-0,858087049;-0,722159162;1,134538331;1,854430901;-1,533001579;-0,95616806;28,63446335
-0,882678822;;1,639132128;-1,080252562;1,414745338;-0,709034112;;-1,271453699;31,11661696
;-0,111112714;-0,315158306;0,384970981;;-0,883723298;0,437872145;1,342035331;20,95154839
-0,022813694;;;0,830505189;-0,953524726;-0,77701023;-0,690074594;1,928633801;34,47046341
0,508192939;0,46331572;0,366235753;-1,320793404;1,938190471;0,479187531;0,723160113;-1,765521289;20,00008305
0,779643852;-0,35621245;-1,322782975;-0,953763666;-1,264894208;-1,281784195;0,06054782;-0,386762789;24,88163623
0,334069362;1,675975871;-0,129503714;-2,244889294;-0,241958212;1,193394436;-0,085939472;1,529330654;30,1945219
0,452941593;-1,838269734;0,10958225;0,297001294;1,080355801;1,819636572;0,90772552;0,440479797;20,67713111
0,676188272;-0,168006806;-1,462877837;0,041496086;0,365290327;-1,203657626;1,326621639;1,005411015;21,25024372
-1,371761415;;-0,308314369;-0,778491565;1,079277693;-0,051054413;1,899185321;-0,852888044;21,15022156
-1,731657524;-0,280438281;0,789222499;-0,927142986;-1,330100383;0,228927403;-1,46368721;0,3066927;28,7226459
-0,340623051;0,494466488;-1,383828804;1,298163151;-0,183034485;0,763522668;0,959875461;-1,157444952;33,43887973
;;-1,370137743;1,963999236;1,111853369;2,073664175;-0,370214031;0,102428664;28,33155467
0,527354747;-0,012195567;;-0,896084698;;-1,066859842;-1,094863492;0,393572011;29,05357028
-0,095159351;0,937206271;-0,42491141;;0,423553396;-0,812024875;;-0,61845439;25,19002477
;1,772436543;;1,295507582;0,737786756;1,566978847;3,136686048;1,431453021;20,28111738
0,925666948;-1,312496352;-1,186222262;0,360190184;-1,698076148;0,615439251;-2,134921891;1,152233386;20,32422077
;0,126596945;-0,748372296;-1,89852641;1,234695279;1,335701395;-0,351487765;0,661929565;33,3246495
-0,39089142;0,288489844;0,759139199;0,555084925;1,340969613;0,518880676;0,028084617;-0,761418968;21,53858658
;0,810051397;-1,501826519;;-0,281143726;-0,818605904;-1,098724177;0,674367786;34,99684058
;1,588765223;-1,263075651;;-0,092221158;-0,751856744;0,006118664;0,319500766;22,46633917
0,484484239;1,506167131;-1,303472429;0,33776032;-0,64694282;0,43001338;;-0,986919383;30,11951666
-0,901152343;0,511643063;0,023404511;-0,219621841;0,65798683;0,731718476;-0,529630113;-0,852053138;34,23433208
-1,261918977;0,03345412;-1,423160277;0,099428458;1,216836791;-0,35345977;-0,536204281;1,997844774;25,43433916
1,509701819;-0,764597871;0,139013181;0,328678242;0,203660423;1,814673448;0,087229892;;31,01649783
;1,189919716;0,936899194;0,538084786;-1,558699805;-0,488137724;;0,250398697;25,26284965
0,826128634;1,887166062;-1,176963205;1,137910175;-0,330363462;0,935349819;-0,041220743;2,127004539;24,57411585
0,130086936;-0,640514224;0,419874623;0,323942781;1,138097094;0,448052799;2,475064639;-0,111404135;23,02706124
-0,09961995;-0,60388605;;0,231059121;0,28121053;0,067187675;-0,609821217;;32,3140236
-0,375173725;;1,356799685;-0,076964536;-0,941582966;-0,08117361;2,091665435;0,998967835;23,86080595
0,550742692;0,962684917;1,540566611;;-0,392039869;-0,528721633;0,587114397;0,160110891;24,24737244
0,756311291;-0,50688735;1,371952051;-0,069333708;0,694545552;1,195406499;1,115124315;0,360828408;34,98454613
0,819346906;1,741660664;0,513601234;-0,729646402;0,583050731;-0,037281218;-2,348001134;0,461998024;24,90965653
0,11665065;1,156417771;;-1,505709662;;;0,093832945;0,020708684;26,34161733
-1,068726954;-0,138917137;-0,34840583;1,072708741;0,379325364;-0,277997122;1,723884876;-0,268907676;34,85083187
0,557786724;-0,166921334;1,631152515;0,086859776;0,116414228;-0,139870359;0,196511926;;25,53950518
0,845843845;0,028076181;1,701325106;0,872985641;-0,438181119;;-0,415013802;0,413348779;25,49228011
0,597200371;1,359137683;-1,094545975;-0,439155334;-1,17764267;-1,338799212;-0,627818746;0,366612244;32,41571699
;;-0,809275919;-1,779823175;0,214352208;-0,732138902;1,663031378;0,4098088;24,67895553
;-0,641112428;-1,49467022;-1,367871777;-0,622140955;-0,698902882;;0,377094727;23,50679155
0,514265592;-0,458632397;1,935152268;-1,746729367;0,058163899;-0,218580204;-0,550700882;-0,697662846;26,34815383
-0,006959883;;-0,391876527;-1,298719635;-1,618111818;-0,288516475;-0,402096104;-0,19703686;30,50961201
-0,108621798;-0,522502342;;-0,853528308;1,523945809;-0,799740148;-0,370980709;-0,723788789;20,64864537
-0,74058154;0,024641567;;-0,45946039;-0,283475992;-0,719813551;;2,055192743;25,60874041
-0,874841277;0,393963224;0,044948957;0,668629758;0,69679296;0,205412697;;-0,4344502;25,19367353
-0,764960353;-0,096845661;-1,284588831;-0,59385599;1,106853624;0,098512221;0,892664419;1,469643887;23,67227521
-0,177029456;0,207325834;-0,301845894;;-0,952968259;0,843150373;0,20862728;1,846603072;29,81431004
0,972052013;-0,73121299;0,84034218;-0,305075539;;-0,486333877;;-0,795755077;24,34985121
-0,744664902;-0,840251765;-0,572608276;0,85669187;1,796044208;-1,330189516;1,263513043;-0,477703716;29,10097339
0,347882531;-1,654146031;0,524035017;-2,005312397;0,313935072;;0,191007634;-0,734910151;27,56505262
0,549526674;0,391081509;-0,209952784;0,671850307;-0,095604147;0,528777159;-0,125879327;0,216701991;23,25784806
0,574722941;-0,397912574;;0,276079006;1,189391379;0,299150973;0,318142315;-0,042176106;23,99849086
0,739118653;-0,185935416;-0,453898781;1,105298253;-0,530538318;0,889470946;1,105935462;;22,5590008
-1,24923552;0,027154909;-0,201999997;-0,495999255;0,142751587;0,769206347;-0,45855266;-0,171382674;20,84943822
-0,241058934;1,163871046;-0,257100618;-1,234405658;-1,573434839;0,362729567;-0,76068174;0,668724505;29,28782695
-1,331219989;-0,538912167;;0,434610716;0,648847541;0,338625158;-1,08593632;-0,745763744;30,09183041
0,234313989;-1,687741408;;1,516905353;-0,179955549;-1,488544639;-0,607409248;-0,630692326;22,4899999
2,14030878;1,665679081;;-0,343075931;1,200629661;-1,133459639;1,076575315;0,927973537;29,23088577
-0,151345735;1,139186313;-0,447221129;-1,265085598;0,977965013;-0,085242929;0,601780603;1,820886592;34,7312711
-0,722254072;-0,143379505;1,569634505;0,668731731;-0,699782744;;-0,52808064;-0,738414705;21,11603142
0,237348119;0,078434507;0,279237754;-0,840812802;-0,070833908;;0,145006317;1,175440645;27,35556309
-1,424745909;0,483428231;-0,611014352;;0,158647451;0,404704113;;1,328331806;30,9955732
0,347410478;-0,705423714;0,098715052;-0,368881043;0,162399907;-0,419769712;-0,676810736;0,199272213;20,69013797
0,055789629;1,063955845;-0,414955879;-1,980853847;-0,363870798;-1,626430759;0,415671974;-1,673897928;31,67410241
-0,988371062;-0,362334458;1,543950605;-1,072890116;0,012404983;0,579976577;1,484060553;0,777794752;34,69266856
1,093906952;0,864307059;-1,209122971;0,359692104;0,848660952;-0,95650029;-0,579759877;-0,803192295;21,32731795
0,772622986;-0,06928112;-0,320845894;-1,281669917;-0,067394253;-0,567588355;0,243339565;-1,142967199;32,33344858
0,17790626;;-1,249296926;-1,327284038;-1,177020388;-0,206399057;0,120995434;0,269823632;25,67872317
0,307552918;-0,758523261;1,058402908;-0,442225526;0,45014976;-0,164155433;0,375621232;;22,16174304
0,393634877;-0,00738887;0,813840571;;-1,769891336;;1,068918415;-0,15455882;27,39789814
0,092062296;-1,053636614;0,065553725;-1,022812644;-0,875781275;-0,402483683;0,445097258;0,551847581;21,07278104
0,579044898;-1,588084115;-0,0066645;-0,196781833;-1,532182416;0,015983767;-0,250427217;0,511525672;27,83152112
;-0,54932053;;-2,221233501;;-1,763250932;-0,912193271;0,524813703;20,29035182
;-1,423717819;2,381944983;-1,359289051;1,650520903;-0,172202165;;0,566786391;30,92917163
1,336594076;;-0,51024979;0,846869735;;1,101917831;0,515111954;;27,31954529
0,178588599;0,221811148;;-0,142488852;0,848087159;0,237041224;0,788180009;;26,88409491
0,428454682;0,501716324;-1,010329788;-0,550353588;0,843383453;1,423631182;-1,940430226;-0,567863147;22,94287241
0,023620602;-0,879274462;-0,822519644;0,474919874;1,581375969;-2,031823556;-0,170476149;0,463280342;25,41894734
;0,319127343;1,76140255;;1,31199279;-0,64636767;0,057982947;-1,212715076;22,72804149
0,900864441;;0,357821063;-0,313368631;0,586428502;;-0,99465143;-0,936767433;31,03085151
-0,02776873;0,659573957;1,862895553;0,302990857;;-1,612850935;2,012955849;0,605686211;22,98537949
-0,049604511;-0,164696047;;-0,821286796;1,910435632;-0,989004438;;-0,702220486;29,25129991
-1,198180753;0,015306575;1,088910513;-0,610492326;-1,37332428;0,291861313;-0,055774338;1,00272455;24,19411252
;-0,26015678;;0,089004111;-0,392561677;-0,554644108;;;29,85473294
0,715223268;0,850245519;-0,471113024;1,299485998;-0,028704072;-1,337846372;-1,652384056;1,218257923;28,10682438
-0,373003725;-1,214064523;-2,259276171;-0,395716111;0,404750859;-0,697691144;-1,05324516;;26,35157947
1,243192019;-1,392981618;-0,64170103;1,21075774;0,494176289;0,179127814;-0,648446135;0,030504815;30,0950125
-0,537829068;-0,859386131;-1,080057475;0,784095596;-0,060406132;0,314513744;0,151673186;0,440918828;26,23583107
-0,25471879;-0,481657451;-0,815280329;-1,413969133;-1,122033171;-0,365417721;-1,603039484;-1,382285904;32,32055904
1,042139893;0,224179485;-0,451836728;2,271574459;-1,648249719;0,975611276;-0,111466083;0,785047023;30,94397687
0,108953717;;0,095460468;0,335555855;-2,191985299;1,944048294;0,311207594;0,67198774;28,10958492
-1,16552939;0,690617522;;0,253568228;-0,009371559;-0,893588125;-0,216206918;-0,512029514;33,15591024
0,571995637;;0,564650722;-0,838985563;-0,262352554;0,616044397;-0,70379672;0,650536489;32,43292732
0,552994158;-0,270950673;1,161783201;0,077784342;1,102276527;1,793464925;;0,644954984;27,97759092
-0,637567925;-1,03281441;-0,195459657;;-0,93760778;0,591432599;-0,513649015;0,710514087;21,02671541
0,299411938;1,851154062;0,524337286;1,11421807;0,401884663;0,311393501;1,164733042;0,668797466;28,48994528
0,210063613;0,205654666;0,538229312;-0,671373519;-0,713799466;1,425405932;1,864413664;-0,928882458;25,32885484
-0,668994432;1,14252282;0,533519993;0,676428105;0,896601295;-0,240732162;;0,252192151;28,10169414
-0,8584916;0,315090943;1,237710696;-0,334133239;0,152569249;0,206708916;-0,28466455;0,676901238;29,70695691
;1,332645519;0,626205562;-0,936768601;1,698009685;0,168101461;-0,722947517;1,104554525;29,67257862
0,494671519;-1,771959704;-0,525660317;0,279097337;-2,159566678;0,085070085;0,157979373;-1,183491882;30,10286065
0,270644886;0,007463839;-1,191294106;0,919560547;;-0,289737087;;0,726263938;30,18902938
-0,200663143;-1,930908201;;-0,813259321;-0,389843054;1,457870568;-0,133978474;0,001734936;21,63922128
;0,505333944;-0,919197767;-0,060298516;0,036152528;0,272026897;0,289221941;2,587441229;22,87568496
-1,175859771;0,98009162;1,183375806;0,492783974;-0,650315395;1,66466803;-2,191982865;-0,683266697;29,45811507
1,171682197;-0,370111603;1,596464525;-1,511804745;-1,112101894;-0,53163817;0,417399278;-0,22202015;26,12258583
-0,490399253;1,420396431;1,513444975;-0,414379766;-1,709767807;-2,157483829;0,239290115;0,655955622;31,44277468
0,062997786;-0,070908107;;0,654979794;1,678185379;-2,216877677;-0,077501189;-0,970348349;21,87363923
-1,490465994;-1,129975871;0,379672856;0,404962198;1,460287761;0,008781547;-1,75822163;-0,238169542;22,87284492
-1,386379072;-1,206795886;0,580559058;0,194180906;0,587565595;-0,357492847;0,790529563;-0,413402898;28,37696964
1,116682833;0,344638939;-0,20699687;0,212093044;-0,017860701;1,596106515;;-0,001612672;27,51122029
-0,238490857;0,843184219;0,707913339;-0,27384163;-1,155641515;-0,901968138;-0,18416254;1,348927506;23,99595731
-0,250176629;-0,59412361;-1,760719313;1,513541436;;0,79600997;0,961688052;-0,164730229;26,12514865
0,084590634;1,488601942;;0,58752529;0,870550717;0,642931332;-0,12816917;-0,033883843;20,52471917
0,777640438;0,77600286;1,168232599;0,551096983;;-0,446233367;-0,581149511;0,780630674;20,55557162
-0,574185068;-0,020701003;1,379023241;1,220570292;0,301788831;-0,29613958;-0,12337891;0,867660141;21,42390504
-0,036499277;-0,558282393;1,215774756;0,181600139;-0,577255821;0,478940189;;-1,007673065;28,6518868
-0,200453913;;0,452287166;0,632008323;-0,551473911;-1,492751176;1,031798755;-1,119945271;32,95574622
0,271184205;;0,162443905;1,651233972;3,038281614;-1,633437411;0,983906155;-0,156247773;23,90334934
1,047854514;0,957263076;1,409744807;0,284964915;-0,889576485;0,927649489;0,117997576;-0,233843215;20,50909745
-0,476223881;1,006335569;1,603369492;-1,195352559;;-0,372387185;;0,147705821;30,62940653
-0,83313778;-1,577753228;-0,781740472;-1,027773918;-0,646686853;-1,325884077;-0,395140109;-0,713249128;32,83028359
0,375613877;0,593538986;0,260148577;-0,235444458;-0,262427596;-0,837074987;-0,812994659;0,703603868;22,07259178
-1,759702599;-0,080724938;-0,323529062;0,599132101;-1,425011983;0,012480705;0,342984341;-1,904731219;25,78621544
-1,074327973;-0,091789847;0,514146908;0,182499311;0,560454253;-1,079372513;-1,58875035;0,084505806;22,38105261
-1,229353238;-0,865322326;0,932278355;0,189099557;-0,568144905;-0,698031505;0,620921557;0,211970936;21,59536146
-1,214556642;-1,947823733;1,881801833;-1,222479225;;1,510692932;0,147597569;;29,72252808
-1,426049042;-1,440010536;0,376694849;1,450976323;-0,395459097;-0,555720462;0,697481091;-0,685947254;34,51304714
0,274482908;0,04180145;-0,409468059;-0,015538159;1,763152115;0,604532944;1,092500804;-0,918694361;30,17248438
1,095936148;0,639020475;-1,499596097;0,539790733;-0,513274137;-1,545803676;0,129775732;0,539042591;34,77221994
;-0,109138585;-0,330585338;2,466588009;-1,182569389;;0,015422971;-0,854466506;26,51592914
-0,048399051;-1,392932638;-0,595490407;-0,046934326;-1,551117059;0,506382538;;-1,451720958;33,46804683
-1,080417736;2,175954162;-1,978064142;0,436123089;-0,751636271;-0,350128172;0,603930929;0,554818715;23,07626337
-0,680696419;-1,357824007;0,622140974;0,552377193;-0,284969509;0,441944384;-0,445829481;-0,827037565;21,76856551
0,003962181;0,519032741;0,30925027;0,50916268;-0,760578873;;-0,342380855;-0,118915651;30,53780076
-1,318655909;-0,193855156;0,532237737;0,762510613;1,561940737;0,520234896;0,276913196;-0,446295112;25,57112496
-0,661740408;0,970248515;;-1,077012701;0,723095887;0,650383691;-1,113808885;0,540456805;24,76531404
-1,049546459;-2,429292968;-0,160102414;0,257814705;-0,115070805;2,867106817;0,378851229;0,147141819;30,06920867
0,429591303;-0,441319004;0,929479062;0,361001946;0,315171704;-0,624120223;-1,564330326;-0,501386089;25,00226063
0,282633856;-0,44469948;0,291727167;-0,232361877;0,430579485;-0,976824126;0,192890012;-0,640954146;28,58837258
-1,538282942;-0,165154123;1,536317574;-1,458576408;0,11939225;0,797577063;2,300030685;-0,492932982;24,49182659
-0,632000605;-1,166692196;1,140516335;-0,867414329;-0,370596432;-1,848937877;0,883971843;;31,75636382
0,845775064;;0,607151041;-1,672670385;0,058040302;0,20507758;0,310183218;0,534636533;24,68582511
-0,008033604;-1,962429513;0,535121009;0,097608141;-0,902619791;-1,569397421;1,540022186;1,231300538;28,02491217
0,705957407;-0,676299911;-2,516995552;0,764679175;0,366686774;-0,374662309;1,124806307;0,847997534;20,34764126
0,176095488;0,035058418;0,050967718;0,679939873;-0,857476347;0,425983122;-0,920590944;1,336555172;31,87596175
0,532128572;-0,688228262;0,080595824;-0,85378638;1,504112838;1,622875984;0,696223683;1,556656568;29,30506662
0,151795949;0,763512567;;-0,005743596;;0,933656601;0,646497966;-0,75546072;22,883556
-2,186829371;-0,175528063;-2,096914179;-0,991017336;;-0,568642311;;1,037679541;23,23060064
0,50874072;0,632506976;0,656120456;-2,496829991;0,010197682;-1,796458721;0,509139476;-2,093108147;23,93739378
-0,180438535;0,547769776;;0,961715961;;0,380824696;0,698001588;-0,359200088;28,64795157
0,151918864;0,010051572;-0,012548945;-0,672031077;-1,242532115;-0,336858349;;-0,736730988;28,224745
0,852053782;-1,172206618;-0,171509159;1,166339712;;1,216293885;-0,590780577;0,784288126;24,10795579
-1,062970397;-0,275873956;-0,181755811;-0,575840212;;-0,493375927;-0,982393811;0,856413506;30,41093438
-0,182450003;0,201436544;0,163776871;0,054726425;0,092804546;-0,30541722;1,418396869;0,760744762;33,33561749
0,018382033;;-0,118820843;0,417621516;1,499940093;-1,373047545;0,659774759;1,126723637;20,65273216
-1,48671847;-0,181150877;-1,064517973;0,430529612;-0,358350932;-0,130139067;-0,411055807;0,720163433;26,25794957
0,229032961;0,230926764;0,160621825;0,57249088;-0,261971855;1,700774788;-1,234794751;-1,725918448;28,90280178
-1,808680569;;0,673169815;0,551367699;1,207776492;;0,745461455;0,056824062;28,79652805
0,166586499;;-0,756281751;;1,331880304;-0,531705954;-1,090738058;-0,087904162;20,2930302
0,182258444;1,06561526;-1,168720912;0,285486943;-1,529015024;0,436357593;-0,10750422;1,936679762;23,15849099
-1,546002544;1,370608381;-1,703831335;-1,327210274;-1,677094558;;-1,173698811;-1,348331505;20,92746082
0,202767602;;0,039849304;-0,162219149;;0,145836266;0,805691474;0,142922126;28,53447609
-1,097876288;0,549887682;;-0,090986138;0,305402682;-1,941418067;-1,609502124;0,909459172;29,68084832
-0,663746447;;0,166438397;-0,385672597;0,417588382;-0,051121789;0,19860295;;22,39613245
0,193594823;1,105089087;-0,567748216;0,9153183;-0,051560318;0,734481656;;-0,03341092;24,99516679
0,349729682;1,213597562;0,236097294;0,478530831;-0,368484914;1,570886474;0,640337111;0,07770846;24,94705615
-0,122653672;0,977908269;-0,606204077;;0,072399599;1,190004573;1,591308811;-0,107293943;32,29703497
0,043587664;0,519530433;-0,264349419;0,516405948;-0,085401751;1,011368257;0,722980513;0,810227832;22,91989107
-0,205317645;1,925927321;0,483911942;0,247294053;-0,760942981;-0,09707182;0,114379761;-0,787677296;28,22471182
-0,292317146;-0,165800018;0,055920661;-1,76270699;-0,135270541;;-0,02088415;;31,74403269
2,052395492;0,6783772;-1,234422172;-0,345406952;0,595963309;0,483290496;0,987325735;-0,097350994;32,44367289
-0,363500244;1,752424004;0,058670603;-1,016674376;;-1,496095491;-3,495045222;0,769386758;29,99849141
;0,414012942;-1,302456084;-0,058869855;-0,278168574;-0,537289011;1,412069431;-1,046666059;24,49291628
0,316104453;1,194046984;0,381441525;1,241118372;0,563714722;;0,366834869;0,613443267;32,34569862
-0,385539097;-1,301873852;0,954043411;1,161742301;0,251978811;-0,54837562;-1,557717117;;31,13249041
-1,348950345;-1,488987503;-0,020731528;-0,763769501;0,345309556;;-0,606634566;-1,704915081;30,56703701
-0,852888126;-0,81613649;;-0,329044295;-1,147251991;-0,163742747;0,240411214;-0,826169954;21,01003098
0,425408629;-1,361357871;-1,112177398;-0,113217298;0,687041092;;1,612390622;;20,64897321
-0,127501319;-1,032675529;-1,253766332;;-0,775871499;1,2323792;;0,486353206;30,43047947
-1,005739239;-0,820448467;0,539112065;-0,675880436;-0,515784068;-0,812158364;1,785029792;-0,617486311;34,17192202
0,051552217;;0,221417062;-0,614736947;;0,393952009;-0,863007138;;31,60585892
1,185480519;0,606492626;0,069876384;-2,990601448;0,424291133;;;-1,897377331;32,4721335
0,493588486;-1,448581047;0,118424546;0,904657482;-0,469328181;1,216051725;-0,746990378;0,600433077;28,17473421
-1,304785751;1,031130435;0,875990383;0,468357923;-0,393284137;-1,402000623;;1,110307176;24,56879216
0,129961872;-1,55303693;-1,124727639;1,253151401;0,487912752;-1,234000121;-1,765831496;-0,625042135;30,16605345
-1,851358708;-0,15583449;2,451625372;-1,596956076;-0,186025663;1,311926575;;-0,148740715;30,67956313
-0,14634867;-1,155909782;-0,26765577;0,243440714;1,105113543;-0,620175624;;-0,949213481;30,13036958
0,22532518;0,78377945;0,629648013;-1,170187075;0,146863209;;;-0,161312723;34,20063585
-1,519513338;-0,219802706;0,458472569;0,244006063;-0,511796014;-0,58527339;-0,987504398;-0,39474962;25,5076855
-0,855678967;0,970085986;-0,901137391;0,122284462;0,054303903;0,945667448;1,089368289;0,695969943;20,59486308
0,352928343;-1,048646146;-1,068870088;-0,84569082;0,751921;0,073329928;0,868657241;1,002802734;33,62666529
-0,7259519;0,032074328;-0,012993679;-0,32778769;-0,534842855;1,184755503;0,051971727;0,013144789;22,40748678
-0,802777675;0,67521243;-1,005107501;0,454905529;0,48222936;-0,412515049;0,317652081;0,185669559;30,45977509
-0,039360625;0,01294398;0,061781823;0,129911673;0,060242031;-1,10386419;-0,152210951;0,264948601;33,0980666
0,097288729;0,953750259;0,620086589;-0,870409535;-0,166627108;-0,311336653;-0,004348487;-0,0029814;24,65212097
0,611521669;0,177328363;;0,241003138;-0,83059052;-0,46728062;0,603789071;-1,614168265;32,45622861
-1,345880415;;;1,307035432;-0,217105747;1,060828687;0,07226791;-1,531414982;24,98087189
-0,008076536;-0,618908125;;-0,02567526;-1,277913107;-1,499714811;-0,020979957;-2,420217471;31,91386892
-0,51816529;0,231030326;-1,057016504;;1,19100655;-1,016700953;-0,298044174;0,994693151;21,04744794
-0,001307534;-1,394478578;-0,143321069;-0,852928322;1,108197896;0,605932094;-0,313756945;;29,82864498
-1,308121577;-0,753777459;1,553279188;0,053514653;0,930085805;0,232013088;1,314281843;-1,998837533;30,15707121
-0,188217584;1,644781646;0,956173436;1,325372259;-0,006764594;-0,537106415;-1,02716446;-1,096928092;27,37138745
0,807060562;0,51321105;-0,066573449;0,508190655;0,142451759;0,962217701;0,952686755;-1,0658741;30,30636296
;-1,66886675;0,133020738;0,60430428;-1,313719345;-0,416462735;;0,233914916;33,84775506
-0,278603703;-1,172288152;-0,054007202;-1,652243567;-0,232641437;-0,441373614;;-0,559321977;31,00782237
-1,507680838;-0,366343321;0,930820125;1,261460804;2,439334279;1,691650408;-1,196937927;-0,408437601;34,41944043
-0,022785635;-0,085559834;0,06953333;2,407591422;-1,082051546;-0,713531136;1,64382593;;26,72918471
0,39358065;1,03465737;0,486499017;;0,93861077;-0,893068557;-0,496363129;0,535637588;27,92436098
-2,069439259;1,416583823;0,303392375;0,153031753;-1,630512878;-1,286609125;-0,398583664;;23,95608046
-2,076616012;0,788364801;-0,360031324;-0,223423473;0,253592942;0,269317238;-0,71242859;0,624910088;34,78402502
-2,31939814;-0,450418887;;-0,344949315;-1,826910304;0,758027379;-1,248387812;-0,067514008;20,82705103
0,153034597;0,019827154;1,169010926;-0,05326256;0,427455405;-0,055904033;0,612956084;1,393495297;25,37930626
0,137541829;0,781850358;1,455328935;1,357184247;-0,385289404;1,036432356;0,24877116;1,117229998;24,46545747
0,568634584;0,275668076;0,43397208;0,255237956;0,294333045;-0,158832361;;1,763174929;25,7976757
0,477527911;-0,573304922;;;-0,73618671;-1,482027682;;-1,7289756;33,76576791
-1,298814858;-1,18086594;1,38523738;-0,046179213;-0,363263539;-1,443413063;;-1,737328063;25,52056811
-0,369417171;2,06449439;0,663803579;-0,20979816;0,698123605;-0,521543178;-0,800677743;1,70412963;33,75464979
-1,142274654;-0,354121236;0,306033282;-0,936234206;0,650604954;-0,306594525;0,663910328;0,58598418;26,35008292
-0,243012131;1,710658673;-0,665335803;1,348870471;1,174933243;1,770882208;0,174056039;-0,788585712;32,82153154
2,076796585;-0,334701468;-0,813542573;-0,189786746;-0,981690716;0,526148825;-0,605668382;-0,28748417;27,82625148
0,967778862;0,62369321;0,015584573;0,170873529;0,012255431;-0,431155066;;0,490841625;24,67029265
-0,126162129;0,41976763;-0,836668778;-0,603893651;-0,734320503;-0,565131372;1,287181047;0,726038793;26,74024698
-1,076923119;0,437498296;-0,390582313;-0,682384585;-1,485739466;0,971918694;-1,36386315;-0,051963178;26,36571618
