Water_Level,Water_Temperature,pH_Level,Reservoir_Age,Water_Quality_Index
3.4918988333248335,19.92758784774068,7.040786572769051,42.410921723305705,-9.480119882112092
8.255811518137552,18.366751260550373,8.18542380432111,40.00039297003162,24.410147978865716
,20.959757653588692,,9.581033866387308,5.575408344321026
,16.97808418425577,,33.96546610621087,-3.023316599240365
,10.902135139011778,,11.804708908346708,7.879962907504078
4.334248925122438,18.434452238168646,7.367634839153059,11.69216919305644,-2.2681613778844727
5.360706866719192,24.364379267580702,8.319886287708783,43.82951689195407,-10.73442499433931
6.564292943772664,12.629544135364895,7.254636107926386,13.233778684271277,25.916579601059915
4.320222756127952,20.350073362309985,8.428156832980216,13.899119979382547,6.036533286343936
5.162812445198331,13.014005329885848,6.678579049051146,1.0320161473036782,9.951262445864023
7.727238443203809,18.03741526709622,7.874038533006486,43.662782672150364,13.506923381699494
1.330148826015381,11.450146744700794,7.487628080913858,39.8371458472476,-0.8888791116040222
3.2719324990961867,16.755564043872777,7.275297610911294,31.739117819443223,1.884693308976638
,21.34244993342869,,37.76302243300327,6.7643309989155735
9.056861539184794,15.21357286358473,7.907714183268663,8.450379803800098,26.919275303446565
5.6050969790409955,19.97367586730827,6.508726539300618,23.457856134791196,1.890279265079189
5.789021367387841,21.93174941184594,6.833906177494398,18.209749980090262,3.168681538527572
,23.90766729219179,,5.595049786593808,-21.666832278084453
5.026711301411092,13.519631227831804,7.832770827156413,24.82039377553128,16.40982951734091
5.793555398095209,15.989738737139621,8.432095010257354,46.116242866789136,12.11672353487962
3.1822345327125667,12.28624019995626,8.022075580501566,2.9628968334840295,5.677690093620679
3.4231890785444286,24.887252532375626,8.401545415462676,15.2815847611959,-22.137899708341156
4.395557467941604,23.90501451886443,7.905081003069614,11.16950587407947,-8.630039106582416
1.1806407799995373,18.099356954208396,7.0961044172788865,12.66918602961912,-12.628336575610799
3.8987124902486046,22.63049941564632,6.710729844501713,45.51329304208939,-8.383194465224994
2.9030320629689017,17.814369659080633,8.06364772668987,23.935383657480216,-8.461621981508008
3.9474761696012317,19.353785320041396,7.788298442951832,23.84867123405112,-5.921510644451766
,11.336866481740248,,38.268206480308834,10.469522706906629
9.014745526659055,21.32905630745212,7.220100931801957,8.570117996241365,12.349225992600626
,11.915702254528522,,24.87600235090249,28.238226419671093
7.111920872300407,22.391014453787925,7.500802291420403,22.069275491931926,5.930164431342588
,21.73042131505579,,30.24862383678615,9.45423065665716
5.485979790361515,20.631170466144646,7.415399210318588,49.97832745927149,-4.43475555642381
1.7822825927868133,10.542405707871431,6.917765448010328,38.702995810020305,3.1315512041512603
5.83395887636693,14.546925339179928,7.237414341729591,20.495419447853934,13.437111493885185
6.281570062187912,13.946688548662642,7.239626511974353,41.550099561428304,27.5615962950153
7.70895526765897,15.402046112072785,6.604710040374945,9.364709802311529,14.28325667783036
4.884935916067114,11.314641201457578,8.035135257035837,2.492720629139046,25.571215083626996
2.148222725160074,24.05436734546594,7.333008863807758,11.01797025074938,-23.372258096861977
3.55398315218852,18.307033610685643,8.144359773632846,17.680166249598724,-2.970449068908753
4.267740667587716,14.582864659870353,8.200696002239791,26.018457115518434,4.110503060948254
6.8132551719844106,15.95472275611425,6.923988109397316,31.14132788651879,17.230476838213747
,16.708038107572534,,45.61968014350666,15.918230596983083
4.204870533080616,19.00891500040926,7.444563608325963,25.982846467972426,1.4582891829751308
9.878637239136816,17.735191415447467,8.26031347584297,25.56250658666074,23.97791319925996
6.451973374211985,23.79087959821626,6.931481358352908,3.4619074813261244,2.4554247392295734
3.1350411256239505,17.454452243587454,7.855626400620088,2.710666080154967,-5.3721150312496295
,24.882370222349692,,28.00683813390223,-22.769444520096272
2.375732252658988,22.77137436617644,7.090602955143666,22.47075204916888,-21.885819138949348
3.213619555460573,13.127657715360037,6.773201807302345,42.11983935403463,-0.4561441984554788
2.446132359336001,23.958928219658745,7.803279520954553,8.873299650880414,-22.73132225910118
2.679103216461752,11.74549596828214,7.977194916264661,2.22361144373543,3.0291554136311047
3.565856518244624,22.261745627367873,7.1312546875267,23.002899628576166,-20.624178009937413
2.560362357652793,15.709349402148701,7.789665208044628,12.636449280860617,-1.7023172500548087
9.070888821637826,23.169614806676044,7.2902618152230065,3.4311042936030347,15.276340816514757
1.7221037109547799,23.020850351611756,7.926413766565235,36.50531605553382,-25.539353012154013
5.720602506132292,22.088881001764317,6.898430549788106,6.468056997905126,-9.69322469975496
4.693571442906954,21.85045654460592,8.280430005272349,30.80765550038081,-6.2464522011019685
9.841407552177458,14.570187086470611,7.07481919293116,14.77143775817757,32.27551163809206
2.008350119512471,11.213789245768783,7.235571975512306,9.501306467396079,-1.9031943335438166
,16.04470268147742,,19.607824623046557,2.394565748795321
9.72523389947832,12.60286772479763,6.723024424642553,40.27084303492473,38.63944347663222
8.789564133045822,20.424266333536927,7.531723805424656,20.212585268324062,9.5767875394965
8.353648638543518,15.191495898066783,7.035185353455943,37.78771281134173,19.45032257138579
3.3211254434044584,24.63415301289872,8.170960451484389,7.148828543158384,-33.30274398184846
2.5379882865105925,19.61458116017998,6.529386777309908,38.86579956358888,-8.14583462321589
7.017788979319879,22.337208454515412,7.258188097343872,12.609732920425783,2.6389185287142016
9.364383902148273,11.987870091127727,7.174691093538185,34.19226336455477,42.266697962574455
6.010866037125368,22.93021723408934,6.538655261835202,28.72329618720882,-8.81448175013512
6.144514205229099,23.841357857700913,6.748736798001021,46.52809114337268,-2.062193680251721
3.5198118429425573,17.305928782284038,7.32728534983727,19.97880338079039,-2.9498574564373365
7.925436398727432,19.093794066264664,7.485729168894894,4.242094252887582,10.283484565588855
2.6833937370177106,21.472147013544934,7.308579494509738,1.9386187920113924,-26.13773321336953
3.913113127638193,12.622579408906187,7.561875356824188,41.5160694876649,18.544183485057147
4.828927947547751,17.538491146951635,7.690263349811363,26.712046245410175,10.270673799443799
5.568493408160095,15.979945416584696,6.519847642255671,38.986958539912514,7.651382166379017
,12.195609882433736,,12.48685440056422,6.45932733807611
2.033531422652832,15.51301633437297,8.426998481775177,17.909103530148453,-8.850920861588637
6.495580381974693,11.022584640782403,7.538064560259097,2.4750897383546278,17.010320427409027
3.597674979162302,10.387178604242305,7.855084534917906,48.1131239041315,22.94426440490198
6.231143992803511,12.027494337322342,7.123727715833766,33.72552742833986,12.882031198928496
2.389264437467821,24.44672667383761,8.047982756305526,46.727049300206005,-21.6299705807128
5.330260916693358,18.242943038425253,8.04584296375223,14.009323964024544,4.0567344848582545
5.793304892964272,24.487332417298298,7.542592095308278,30.96171695005738,2.6581023616293518
1.4664118314018422,16.487468174951978,8.452027646558427,34.24649844633925,-5.057242607243085
4.029438503745285,14.677241996278894,6.751100429525307,16.559935312621832,-5.7858961711178125
2.209732092450768,17.59212794260366,6.5338953297791615,42.55735251576587,-10.09276838187906
,16.59267532949365,,47.41091168211214,-8.426610192408457
9.909642091509507,11.58497026392616,8.114311074729764,44.35790076710421,41.84383494200308
3.9011846047725065,19.612394720353095,6.740414458241153,37.21428182102925,-2.7877710097274973
8.288870012691714,13.240572737643994,7.031165665917213,14.595769306522747,19.92399537891879
3.2917658928738747,19.293819323467446,6.535104726733258,14.799186063175956,-12.889413048831388
7.133524500015364,19.753016385972302,7.086617221561129,48.204655701855856,14.00607487172487
7.842050739007179,12.280372796929722,8.046283747837343,1.5039403008489094,30.26720617882056
6.360748665470599,10.920244406660021,7.535921055425158,36.086448688865076,25.62287833360318
5.244185696951425,21.711423791026597,7.196191186336576,35.60606196520785,-4.288987122771912
4.706568227325417,16.8970063565398,7.243478589812661,31.511787506540074,3.155518690788117
4.139814398886958,10.872456932582137,6.5027072514309365,49.51533345825642,17.361787964128744
9.365762298230432,24.922994757546505,7.099601055130472,16.282092352422538,9.429936714624418
8.475574670089562,10.8667084149455,7.792917483275861,17.65862132586916,28.890457150854882
9.685242195998613,20.4255284328783,8.448388887632714,4.868030744381222,14.567052600399142
2.1186750113699024,24.755183878951204,8.194121653967798,22.697108690643134,-31.804286458217433
7.577807276832798,13.587701563238884,6.547189929291058,13.791377785507557,29.191460022620337
9.44506411138934,12.133740530307943,8.29712120934968,17.825948406704565,41.223425329088016
2.6310975954909415,11.820774091336434,8.066396826597252,41.89401772252575,5.270497391027559
1.5984664063009975,14.549127213513934,8.060752247141961,46.83874116284729,-6.59988233434563
7.670085843610531,11.5156871651597,7.415991518007143,10.100920528254095,24.583484177732586
6.170258018619207,20.38242012541198,7.296010585909006,19.25293764611983,8.421945023658619
8.576458990824449,10.93437697195094,7.105831457666385,46.502897543654306,45.844745491959074
2.2579513896366055,17.641331922246845,6.631389717908732,4.028614573771909,-16.66992548170807
8.15740580673901,24.95045280779465,6.956470726987398,5.525665877457548,7.565473699611145
2.8146458804297008,22.209554042590284,6.9932072699560495,8.976758471105239,-18.818327354193016
2.4729034857913406,19.228291573465164,7.468154139420403,30.165428872216864,-12.935436271173666
2.4783921813789362,14.593804311799175,7.994888813193388,8.373141279293876,3.5550710451654157
8.33117248208244,19.358437544374578,7.447619656795894,48.43574269108594,18.90316247225159
6.986774986265801,17.905621958674775,6.615688898894321,22.889011835667496,12.81688774216087
,16.39125075835557,,25.57438005715815,12.177619671136881
4.229474357111522,11.960655651102993,8.385448638188224,13.086272174464918,2.9848638247831953
8.894804867317974,23.299063228607,8.070379086296818,24.077052369301942,13.8312274893316
4.532005966803719,16.746769732319837,8.482655803128441,33.433767999213565,2.420390751791775
8.349394955244193,12.919337677311475,7.588964665600526,37.8076797107481,23.966748690345508
4.952214177131966,15.516390263159344,8.425536700506413,37.93953605278574,7.57486361313552
4.392499864824169,16.211946287933905,6.6512100812335015,29.316664522010328,-0.17985602588041294
,22.413068433503113,,45.31362897469901,1.5222713260317313
,21.00421570842103,,41.05298451799936,-14.233932904145586
7.72848442158626,21.539573404620096,6.89166616826854,38.09535762023265,5.761073117870913
5.5244835108323125,10.165468966429708,6.781605897785353,3.7246705623425704,19.01329682695449
3.0899142563213555,16.24230997269642,7.744827283131993,1.3370201487628164,-11.913074580983029
9.096171159471115,17.220162274529855,8.06264371149461,11.409916582578175,20.98045468263393
4.455020992358903,10.28788415234585,7.656596798840721,33.51265610175916,8.213113788873702
5.891975750025898,13.897198131175514,6.79392541917642,21.148676955244746,18.571295612094545
,21.404347346832026,,20.717906705666273,15.73089667790668
6.618141963225929,12.056645585934985,7.771909414327457,44.344757523251076,24.990169293064753
2.0520823663752767,18.029651971788873,7.276331412253991,44.8825795584601,-5.816085438518917
9.458489112521276,13.228028080258563,7.848260591072126,45.5495879386257,33.55239466429058
6.6493724776427605,10.181811619658399,7.0198099584856655,16.38002574923634,23.49102161830911
4.014150531913775,13.618021863993121,7.190384416988421,34.861734824223824,1.8248190429589366
2.2534486539704854,24.638106323650806,8.33497168626398,14.310025882444112,-29.368027864787866
8.146226703432664,22.023056678244842,7.081009011342841,10.33988182064804,3.7376073897233004
6.580654803356621,24.3936496648155,7.439976536315873,10.046990410021092,-6.181813421540298
5.801149827786894,17.317810658895436,8.280282274792029,17.763273422316107,6.642900904697925
,11.646042980162552,,22.067923369211265,37.456197419183596
8.097374901020777,18.219392334605395,6.6244064523294055,41.71650938169835,13.70026571234754
2.365073917594761,16.815660018399413,6.7946060885579405,6.874663580162893,-9.32841157838444
3.805498610159934,22.665356241094237,6.515683181543833,37.01136652234982,-10.403551549221932
3.236402258330192,11.471238711763668,7.761843580458327,27.041290795275962,5.247317404177379
7.695516633154092,17.32361705532667,7.395346850820837,15.109321791123632,12.410678648368833
1.3017919126220145,12.250729970409765,6.768549701804551,25.148159642108403,-4.899464700891839
6.129007163841849,14.870138903350899,8.415868242113541,15.69716141907411,14.083689202532947
7.862128171666215,21.060356160816994,7.55931944789124,30.208015806676993,12.651468435569374
8.890890730855745,17.1402719405315,6.983786588225779,22.258352219906968,30.724757058844926
4.078735738443167,15.638324277186541,7.501207142309415,9.055870924865058,1.617613185931959
8.391315742048116,15.91714417855053,7.859240665470216,6.71257065322914,19.386255610267092
,16.8917015260898,,27.78808842153438,-15.501896452831437
8.618070625610663,21.775248157555854,7.049407630095784,45.21823863101907,10.374783964579272
2.147397960987842,23.381270334103515,8.113930981767988,17.85392664132659,-29.383093262038788
4.575585615043305,24.330020297558924,7.419329740805322,36.917005253908535,-6.297699341574591
8.175658292015981,21.803550793829427,7.59315428406459,33.27440639204858,0.8219678409439766
2.349256846138964,14.731103436220192,7.365632004418939,46.64619080116457,0.43766853359583013
3.0632625570937733,20.322020591298134,6.58779988528601,41.2280698476579,-15.663541117808748
7.500273115537596,16.564046860830878,6.831499559640312,28.763657686367686,14.934860891002877
7.480328828914669,13.820059330690768,7.391083277483782,33.19449441347126,19.677661633042668
6.770328695967676,22.61307369138884,6.918370930815856,45.02093686261771,10.734469477756408
7.2455360002039,10.576395234434875,6.599958057319357,20.576420444759805,27.114046671033652
5.884519990128366,23.52642988203135,8.187299328103647,17.012940587031093,0.30387586265196953
3.266191530162575,16.92216196937101,8.462385058328232,1.5297430981246207,1.835819902355694
4.111263941535275,19.558022152124206,8.086285747993479,41.501002635381745,-1.4631683409316272
,19.890308833086742,,40.24805431976488,-16.2506790672949
9.176055052002654,23.426766110598045,6.983954260634091,6.118271386907418,9.011287817880199
6.250526152895084,19.55004523250811,8.421253951026399,29.266011675502313,3.999782325718014
4.607662750872759,19.209003771400926,6.8938514089068565,23.73510321017748,-5.182927163496519
5.1580522327971945,10.999780608410349,8.402859620723664,6.816745679946462,16.603544982998972
9.525550056506338,17.776120329178063,8.489638587931902,49.047843125975454,29.043973608209644
2.380162628044722,12.252535012255624,7.923445611492097,11.520098485704416,2.4934671866223805
6.276068488151175,21.061506530822285,8.462287463583644,4.294474824437496,5.166729525832955
5.5529981099601935,17.68332881219012,7.639079559134207,30.14752159559357,6.200978542349109
6.503088118911831,20.2034166881253,7.0190835663521804,37.2044671795186,8.375023876328267
1.1629916543875645,10.625093509035764,7.373991771331242,2.589728856312161,-6.862067478182835
8.849115180497364,11.271880240687048,7.687121870757572,33.27716429762408,43.134113784994014
9.38906454235251,20.744850820940236,6.64616312405403,27.08230192162127,15.305539507037025
6.086198652302881,11.081265039980101,7.744686529234492,6.0599854348773725,26.477423942005814
7.26985741489203,11.06885091647888,8.46235567352459,9.453669970371742,20.47015028996784
9.302494430595662,10.181627128523312,6.880215299567455,28.830740568487943,37.45057861507743
7.3651477088205874,24.347520974492202,8.085190232576767,15.52152306215113,0.15574338213077255
2.3728513862283522,21.062625391885106,8.315797587559238,46.977470703914484,-11.694591427155776
6.186595241501319,15.298771127530962,8.38740318564044,41.118271244718485,21.3374498714713
6.460435417445703,14.448033719314829,8.420271208810895,49.19479311916949,14.709019758434508
4.817176041721474,15.245548446187744,7.542919277442944,13.723871108570286,0.7416341330387883
7.627998120622506,21.619802967717728,8.454615815983008,48.51645800710087,5.424413853780484
9.409303132921133,19.920559166056215,8.014620414268878,22.130459619786336,28.04129490186727
9.330116616160987,12.77793351801202,6.823342872473924,18.028420970373976,34.62059716451479
5.057554342637189,12.611640030011266,7.45380021293594,3.467126821498309,6.170048612431542
,11.47593474570096,,3.5854976351205283,-2.808088508720221
,19.90454079552007,,34.90855154138608,29.40045544216825
8.550082778013408,21.46558993332604,7.781230367097775,23.438520727267367,12.444335495232165
2.1219641308294017,13.97569642487506,7.833200958093238,12.09955967576918,-6.0677554798422015
9.28757694355635,10.314174415463691,6.8253994876171316,31.0845450099364,35.24960608515841
8.829067258559155,11.23257501214641,7.630170624905513,13.390047794255448,29.33948541619295
5.669542514134649,24.517900522675458,8.043253821957215,29.303955962876707,0.22380690676160686
6.321478921704363,14.431671662161303,7.497791329071884,18.601228602151828,24.22036908173252
4.591024334831173,21.538347217572003,6.524206233552215,41.35405910397913,-11.125829514198646
1.492854749398282,19.36995353281396,6.518076938158584,41.214111877572186,-10.352395077550817
4.016775174813109,15.729094594793438,7.214058687940025,24.390169507997665,-0.5511554142620536
8.225681037382103,13.085308932933327,8.352388136863564,18.190136357415764,31.973623138925216
1.0416882070414257,11.820796272391096,6.957353559207218,18.76543003139563,0.930490856447368
4.001492545220298,19.225194520583,7.7687273777433745,40.48001175774267,-3.4672170511933396
4.58351824231849,21.61950670956682,6.944151741386641,17.080794657082986,-9.836824731089726
5.836560426441306,19.658563803116962,7.143339979319097,11.243909311635456,5.710480245055724
,17.954531998737373,,5.149728751890034,17.74377369991169
4.1171139492936515,10.629268351474543,7.957722884539894,23.867962923336012,19.385720551864765
4.122578817066049,24.527331663915756,6.690798554626421,24.62447284707225,-15.229077163641492
7.637511232987736,21.980712874818618,7.357404041972867,42.204526809742454,6.593936618464102
5.069961468008264,14.39233055051447,6.558339527290529,11.840696125857136,4.5658871259546165
3.021443406459838,24.69955494038276,7.461780293206018,19.668572409751597,-28.049677726823976
5.07195564519424,19.028223844544833,7.824868023402136,40.61188120579086,0.42095985944387637
2.2677131834181985,18.736339873108697,6.737005247196303,41.3575569266997,-13.213039075633983
2.58748287855601,21.22109769144298,7.077769877818332,19.84594272295964,-22.20999955963986
5.4853099546553175,22.176546821352062,7.295673251004314,23.497077141047363,-3.860651159461351
4.770329045540931,19.84717910997254,8.3390620493121,15.861008651614863,0.616566369516693
9.2336131096129,11.921436195493001,8.486510030845928,46.69518904254629,38.65711642760493
4.261545092049698,15.074012589917476,6.5898225979912315,6.813544521337435,5.03941776213046
6.225295152502391,23.92125460489075,8.022015846990785,46.75372172707203,-4.0433374189728415
6.690378591275773,13.369234177657779,7.243448132804686,34.50945613993182,26.046456235363216
1.1178501092950026,15.582505357562699,7.2849163724589605,27.04703548164983,-11.334608532922669
6.971836348150395,16.48115324416294,8.008529946694045,2.600293978440298,21.895985419084912
2.6023237018277627,16.591074845416784,8.336852864290817,24.304213399278407,6.8362560158629755
9.649632857225097,19.19409373741788,8.401857189005097,20.97965714513388,22.209510347794357
2.3379645497780164,24.146137566170616,7.654245172076641,8.899721786781004,-26.376431831165377
4.731617113543214,13.610390677487574,7.214242318601006,33.164070571532186,9.343864138052062
1.7681470127077947,11.822520644513771,8.075098171717558,48.586394461046005,5.145491729069944
9.971868266613527,12.962057347899059,7.0020027665246,28.54725174216173,43.92280581364803
5.519755092981184,23.303873503139044,7.628148057667035,36.02291054575335,-7.228500821145297
6.358465155880394,19.68716218982809,7.217156923049746,4.354072175734823,5.585365334284256
1.6036882964958474,14.288601838587402,7.813262147415752,21.46568279503274,-7.371937143347501
7.7496442335926,22.23920408452926,6.980797825787014,6.701565773060298,8.501711827593978
2.889150337860272,22.92054994545154,6.883185891469651,31.02699594128901,-10.420581303229893
9.082488604966423,22.697715080354172,8.336478173350875,46.985625752493576,16.018651512234367
2.8462567643380643,23.78389800459332,6.703607365899074,33.42710889111029,-28.287728582905324
2.716189485972999,13.783615302600424,7.511915815469863,4.763349367406655,1.4774338690110738
1.328947010632854,21.325628931194174,6.941705565926018,18.37864404426906,-27.919626148935407
5.248602505989993,16.9080924591121,6.577859926651335,27.982505592601726,4.37628937614405
6.083570199363548,22.629978293350923,6.572037636582853,20.75718005052936,1.026823054401178
1.5913777548551713,20.927360157424197,6.850443544211655,41.84855651328344,-17.950336305271172
7.9797485502550956,21.646711697495867,8.233540709012,40.91887923078947,12.538918215115467
,19.84242756521607,,30.97971998505785,-3.470857898625637
5.7195124239482205,12.661431542045603,8.400918341150591,19.299439311502557,3.3065515771510423
4.966864722444053,18.175403783454072,7.663244585978387,13.511482314398963,4.82113523450061
4.606867547877934,24.770046092867624,7.373228379537532,6.187841592443337,-16.091886213923765
6.036762981773961,24.060820997456783,7.660177669338909,18.38998649084115,2.958119458827346
2.3971622133764123,10.647606036955175,7.533396770452535,21.245453343178255,6.10537963277769
2.63735317445744,12.472222235941556,8.017552507514651,34.115323330099606,0.9745556320118101
8.756070589121656,11.975931601818429,7.064992131945704,33.2498313905811,39.08531152082829
9.515039159202695,20.889698649779433,7.206100783200605,4.435298842421591,22.80412658528863
4.359783846517777,22.266779947854175,8.288188605066502,20.36770645612673,-9.360746181669427
3.436702058291984,13.20267049466008,8.39291302630081,9.907164493650734,10.32647961882219
6.795995889151142,17.587790394277434,8.285116454972949,8.683822560523478,9.323915318782376
4.678607539882868,22.610545420168002,7.338895987914627,41.53780533712505,-5.867689778297702
1.2284772009431038,20.99202317149376,8.060731006013764,3.0538456190966192,-20.58813732874779
2.4053733762957132,18.133558082377725,7.452671466602197,21.539960919203946,-6.983338071382246
7.443750059626578,18.855215356881594,7.495079704292205,9.241979132559392,14.782746297143397
6.930315477191362,17.6254082037442,6.909360218114568,44.08718056824523,12.510233459648925
1.2438639325313514,14.46322676978231,7.682260606517033,28.29498515047672,-2.885756248627432
2.997749457396545,18.47532989288524,6.872271795506696,12.337651182465553,-11.041876302813254
3.0796731692926427,20.333279530751362,7.163129398134387,25.618937071152445,-14.806742222098652
,23.099843737912117,,36.842831625452675,2.263169916956962
1.1773948397892773,19.544370309688723,6.914151618421711,47.947782437052254,-8.335818791711588
1.9369772378611647,21.41682305564737,6.642316570346866,11.801854208025528,-25.71501678612579
8.199244768358703,12.401074524318595,6.638015185225632,44.42290683433791,37.051564388230794
2.6069019584890025,16.92336211629685,8.381569041006216,46.78090159420702,-9.239104198269509
6.874714970666872,10.139974297406399,7.51384087592367,45.90460668207125,32.39437546598513
3.1436450294205387,13.700182967824345,7.318824143634036,32.13530348623358,3.9950430329825912
1.8949725348341064,20.896925726695073,8.121757162015836,31.861212067300677,-8.844097430834656
3.1885497189950867,24.87714927024045,8.171651855821032,20.757321026007315,-22.75034953501576
7.500402386700932,11.48767149380824,7.164382066231209,37.86749623288561,24.40667057872162
8.701268212956572,16.022414737919323,7.887236114947591,27.033406899195665,25.413154559550254
8.471978781102925,22.00106453048739,8.042245631703773,34.19446549018643,22.164588987316407
4.5746517665660935,13.060534519433482,7.809301373731909,21.994437288590976,6.244793183701624
7.012766229135815,18.326274239534293,6.803190149600199,36.84332673811382,-0.6416825961988302
2.844858658742389,20.996069440445122,8.251766167034114,41.39910436262291,-10.951446713498424
3.6383295723491194,19.239781753902683,7.578189105472017,8.175376573537989,-3.3554797406929
9.067022366690077,12.820371019231242,7.064944852740007,41.81355606313717,29.40411301721231
1.1170173115966242,15.330768530286091,7.350456370875388,27.474530057725055,-7.063652073737154
1.7695767776902127,21.756876767280957,6.5751421807978145,42.38862954542099,-25.74384834543431
2.870976296314246,18.31339771198025,6.755733602444835,22.133783610709717,-10.657727856109442
,10.078444203143691,,19.572983783768716,3.8044109743892447
2.632918915808176,21.414861400421408,6.5000232695107325,45.837975893343895,-21.26862273689364
6.247374048727229,10.529670324103586,7.333131656964584,13.307294109871664,23.41552314940079
4.792820955332481,21.18600674096848,7.545020362171177,42.36640393902101,3.2211297883454986
9.034045399692774,13.037208402478562,6.609268840001945,24.7170080529608,33.8510847548625
8.356992055645968,24.371102201790706,8.446156325944665,26.190676685011727,4.727927744112762
4.076356165280884,15.519111269531267,6.952250662499344,16.114945792984717,8.977020623973342
3.3348109008816325,14.903974245071186,7.1083974392725615,29.079067830331766,3.7285715158202586
4.417231673505402,12.23332075498667,7.107885024510055,16.935348617534352,0.6726392564506547
,14.584063232353223,,2.9242012978409635,17.45003413826718
3.4125727674058863,23.14976142742301,6.502947644172623,14.327931661873446,-20.906315647456694
6.617340170642207,24.945015064408707,7.958689588175993,1.3125731269229433,-3.7512198424377745
4.684704869721164,15.524642957602726,8.433690999598571,48.93938456578598,14.958733410843124
5.968424627667822,16.729159464318137,6.94858696657009,48.32161328116763,8.890823064350567
4.92513876221785,20.831064073041055,7.826094383606845,20.362609576142948,-11.488994872177368
3.650191835877259,23.292936706976118,7.98379265391743,36.69017186264265,-5.162482107896388
9.53607976265941,18.895665012801764,8.19685075818105,17.944498822110823,29.801712163185922
7.872452147437848,15.872885472667441,7.345258394027218,33.883564697212826,21.586453786701735
,16.189327612729357,,40.46607210925298,-2.1010551306611926
8.816211783081215,20.434272197452103,7.150590268046062,47.3910559899198,16.83057186124452
5.386880784245623,10.04827395406418,7.925242666197025,20.610401516633928,21.271611047862933
9.050970042046822,19.293840061897612,8.133558933011273,39.38160116484634,22.08422888925673
8.198697303525837,15.332395156620361,6.863227935513205,14.03049408097382,20.381867088969134
4.8269215402231005,21.91295996915626,7.241882016315531,49.52628288588877,-2.0793480237060726
1.2022237748810567,11.394859597346983,8.3038803934983,2.262710339453206,-10.137402814323853
3.4180962344645147,18.823034004225857,8.113387039389478,30.57291151855493,-6.5861192790173275
5.874707931947802,17.214593348291857,8.469716805524952,33.31579310091503,12.552904843951254
6.701303978435325,19.63488288857841,8.008496519364162,34.71423229663231,18.91142566353746
3.3209891688988207,10.972803917244525,7.2863904020558445,6.898991360665361,0.4411516725918787
2.254204666655417,18.69975681142197,7.681275667989276,46.98795939018339,-7.305015559902467
8.514372131193692,18.422268819392855,7.822028508494641,9.877980673454058,21.598907729409426
9.85961962633197,18.409901416242562,6.656911632634248,31.514916758752214,16.231560770587635
5.731211640724172,19.052314998946823,7.588993918207731,11.911127877031163,5.178691942788188
2.5451135726347314,20.147019058395433,7.918641656945219,16.053604434042274,-9.683721929876246
3.4507659386743206,22.074834995211546,6.83464260800212,27.776468544678092,-10.922966133668325
1.1655160889272005,14.047310801923215,8.061263434851114,21.442477509664247,-8.45053453033071
9.228689259044492,22.375741152700932,7.6675455610282235,8.851054447848808,15.444587958759955
2.05975974601127,17.473835233951803,8.40444357139519,9.375883718621566,-10.255394522647164
6.188648279628282,11.155874187014968,6.584844596413784,21.489094619977184,12.210382689153894
3.466496986184854,10.878263938659687,7.030652275110934,38.106865935499535,10.89922368359358
5.9876020226421405,15.013574780440912,7.703107758599648,45.00026769554164,14.13019692987415
6.862783495166778,21.773454656672016,7.093119824411861,5.122255450709759,-1.6051974108112885
,20.615214021113736,,20.262091470410653,27.45228453178466
2.8577914458454288,21.829224470086096,8.018010565043863,5.912032622420955,-10.488194003039373
1.0989624579263242,17.75903584662414,6.705031928132949,1.8130315509972963,-25.535268657889446
2.2319706706192655,16.602984969332358,7.527708928413535,33.42421544955388,-5.678950665163503
9.100167776632945,12.21178790059426,7.517781111182112,30.5200226563628,42.69606339220728
8.865010698062637,14.922891304139673,7.238561540431082,8.987936576929425,18.754911079993388
6.376717919532775,16.510290492608128,8.365849725139345,12.45682882156014,13.042381789348417
6.40465174390288,11.329006445194258,8.155012639746442,2.1616799285814006,22.434296410201156
6.9853300709163,13.309179290668169,7.8944187638192735,41.91241307902578,17.968696814381538
2.5783415076110465,18.973379410956085,7.9286532714699955,48.75983920637902,-6.388335932952892
9.229707513324637,21.03494671358785,7.423432287626238,7.637517302939849,21.55877625377146
4.768934724028658,24.975212670894244,8.341989042193152,12.342285474499608,-4.818301653809743
4.448246754245477,23.996699970153365,7.8891908545065705,43.55206667339977,-10.809993728109239
,19.638477993027873,,46.396726099853055,18.159181722300264
1.4226937009754954,16.318720799411082,8.22338180757469,21.561741757533706,-21.322559973813057
2.4965503188047147,19.54266047062349,7.0481431786843824,3.4805011411846323,-13.901220916006054
7.642302547837334,21.78477427120348,8.114141807733406,2.9301998509481506,0.0447252938253504
1.7451880113261382,11.77504286385081,6.890481205912984,29.12354343738151,-1.1251563309788053
6.428368985197494,16.148573345444323,7.1906839044897755,20.251860335765773,10.04637637488492
,22.59703428453426,,2.403968951305071,-15.621743093516233
4.503660526377789,15.75749427899566,8.45705093677828,29.57936722331528,6.012423630885605
3.598243630936299,18.578084068407797,8.213074447495854,1.553824292862101,-10.819876771736691
4.201054448184542,18.816540412932973,7.9023397231805195,39.58122594931437,-4.617631143060917
7.471413146658209,12.76714379700459,7.95411352323078,16.015208312465205,35.01776674262232
3.6740954406085753,15.433531624784326,7.624145588805142,2.972642147452373,1.4545152437392512
6.097641762672074,15.017669331128982,8.394181334217038,29.829258828174513,7.516424502553477
5.284453619791897,10.392950627980971,7.492517505764723,20.48653630721968,21.67773540795041
6.973040488263833,10.362876458370328,7.261035419739789,48.71622025450033,28.929241367848235
9.431467653922821,22.4754556551366,6.826070673863182,27.665734462681407,15.235111851889519
7.593148874892252,14.096062149592186,8.072411304522117,14.486719870813406,27.430349789050386
2.934463407316811,17.771181493582233,7.968887864151183,35.762504367064764,0.5756721509170681
1.2806482155515622,14.480883603831597,7.2687100770482695,14.303108124592855,-14.519213841477136
3.360376398698426,24.110188676730107,6.550386827918459,45.30792127897069,-17.210831260970245
6.355701376302293,13.889451382986607,8.177994655436022,19.361376554861444,15.47217874048558
,16.444852191084024,,27.943559576034055,-10.012621962039841
5.467296224811127,23.090953757269027,7.907399559258102,3.478082087387214,-7.79804131153739
6.371585640252003,22.62900350187713,8.440514219452114,21.879940659659308,1.594943991159237
4.008195017352648,12.79152126769416,7.375322656296407,41.785813443388754,8.348114075107585
,22.039649646935658,,40.47679146280375,9.583751658112249
1.9593842782039461,16.87280330106839,7.909742020086764,11.991609383822786,-2.3616562129639505
1.6762400356222789,17.244533081280327,8.13425628403117,12.077874479517572,-0.7448632866121283
7.55369880583243,12.002199586239158,7.592860632155695,41.0479602984486,31.143642303474618
5.459421845855786,11.209022706356869,8.434070550512292,46.58952258829695,21.689273002078814
,20.919089604606476,,5.6726851423771745,-3.365980495201642
4.913446047433716,17.446917285329498,7.5095911966090565,23.05287333188504,-0.5590212044451959
3.2176182991519613,16.55276053922769,7.9369078946451,17.53525966924722,-3.9922219527327356
8.371920859067798,20.94262342978595,8.225280942298358,43.66373431741453,13.103336177768949
8.194742910720812,21.482693484866644,6.85851122381558,5.0927208193209195,5.7558626871666245
,12.383622515040305,,11.345171185343833,32.65557109247485
3.449306235069664,19.15337724216462,7.60541415143709,37.87094854173822,-5.7210531589590525
6.312076001821784,12.030311234165282,7.293107363979926,3.5133986000795634,19.381818403765884
4.248765072460241,21.270626290435686,6.763430057158187,25.134233655000173,-12.009811569024004
1.8242386599397074,19.854327344007093,8.230591517817825,22.66324469930628,-10.087526017810351
9.255822179160186,24.34921931625187,6.8145464163594305,17.385657770448685,8.478164524938363
2.2313676782706526,11.034370245346318,7.119575718418199,20.334043450627266,-0.803452502403629
9.552136184387223,10.855820817268814,7.080091063924874,26.967088759581415,31.46213067269673
5.014051956621602,14.232806120398003,8.242828068381709,8.907000561030774,9.55408013223081
2.666196359547577,13.92558525603859,7.845405988417796,29.027798035896048,-2.609589937010003
,13.704681986079997,,40.46618413569933,26.58573999509467
8.856512522887675,23.59381870781555,7.000935797584998,38.247885559717794,20.640610911166306
7.590023977686051,13.743192997742591,7.749748199213998,8.54109532999491,16.766063250934184
8.259050330753048,14.079245891929464,7.643491966287497,8.313224017332221,19.822554031665792
6.929050300396456,21.390973936269454,8.165660753576542,14.140544019500753,4.144250986126022
7.230489080660672,16.7460976367581,8.31217412096252,18.692661590710824,12.917587993330663
8.642760864087872,21.650658354327717,6.524313542954774,21.01432348901565,12.887473153551223
,10.980492363465778,,34.30516362483392,7.843534345963743
5.404824672788264,17.313567905100765,6.603671598239458,3.777341176125935,4.082890771487865
2.99088497637642,10.504204002749239,7.597717330154712,2.698962507077253,10.692956730558251
9.889012071969823,10.939798051830318,7.075265458087356,20.203617584251543,34.87761665006713
9.49653405717952,23.596561800166164,7.113553199044283,35.16102091476104,19.45203468799479
1.354841302316553,12.088680566763927,7.205917006904713,10.478331804867645,-9.189708002702139
7.350176552641196,17.986310234128258,7.742584898099221,32.43371958155633,26.377925845997808
9.327234856740992,16.166434039010596,7.168099931337538,13.731578759074674,34.53349380984449
2.6251781061460018,15.21014989388264,7.965398101180561,44.4182193318623,-1.4698918515093735
6.111507074973665,23.497500185309086,7.309054771147739,44.88880726906421,-5.802919334772023
9.239394678292376,10.327350951632342,6.636706400619917,15.567073009784998,31.27970849173266
1.3055138072721895,19.956845292633837,8.067519684968214,12.269693944198785,-15.689730116661881
7.276782405221559,24.450916513203257,7.071516649185412,21.153894631245333,0.052729603951438275
3.676141066352957,18.402522751927627,7.3655337591985255,12.786047673827287,-1.4631003371501636
9.319565758388773,24.052336930496377,7.870887766443803,33.94680832129348,24.71531225922437
9.73952420648831,10.783868189290356,7.164912314297424,41.477169542865994,38.17305538601296
9.498398402020905,16.28189978611242,6.6131713122934315,33.98151441464963,22.09540962899436
5.267927949917174,13.902366864430768,7.247842094025627,41.393171915218126,14.508787525947712
8.758383858903821,20.962314474710947,8.388897165388606,20.452615948166233,22.219695745258228
8.600944586815633,24.7194563574587,7.783468794597116,8.659531564734182,1.4046651186010664
3.871904259189301,13.847950936663718,7.842958297334414,37.15959642248202,7.317140204665122
8.460239267356096,19.812619022111114,7.76456430727528,18.66325075193614,23.039348134519734
1.3330687124394336,12.971464491396102,6.897984277918874,33.89227043622749,-13.705771152545836
6.366428906338477,18.47995381857415,7.33666772820456,14.261553157106517,8.479983609757078
3.0700795355893273,16.95898730032504,8.001879596726637,4.980252105526961,-8.767247785054717
2.0851019719955093,24.580079944473056,6.702745795106319,49.636507978900404,-23.096097583562532
,19.127909090446998,,8.653873888599364,-14.79505693753207
7.266598982903258,15.242595581302282,7.052638216931707,49.43262870421057,22.474066487170802
4.058874673912595,11.711436773319,7.364037855189012,48.886716695755915,7.755116264724808
7.522900943758853,12.268702431024018,8.46073748188437,39.897087091493944,27.251684097554786
1.5882070671904813,13.379753949268526,6.635005093367644,33.311725142017885,1.5981724932909396
3.837613040475493,13.76449992010447,7.53740198876119,29.31254546230315,7.541087361161119
5.855421631378035,22.759240867617066,6.858729364024421,43.4389757235139,2.5922136779683065
8.116508483550671,18.418341824237874,8.441353090819488,15.18253655935491,19.177618612357545
3.8687725263886295,17.850863670615496,6.726607009454929,23.916379411758975,0.1692640872800455
6.633022387933082,11.721533078038263,7.307202004723182,31.350108498958594,21.83712919088291
8.973799734125684,22.902095400241524,7.975769969669212,21.148333317605065,9.305737922572519
6.542768693640741,20.842214548127256,7.909108856054891,21.946836250423132,8.906249860314077
3.096635272782704,11.015025428500024,7.345457273787865,17.183948707602134,11.826576340583262
1.2196070340088423,20.61752645844653,7.193048335905436,28.647359017542264,-26.054115895219677
8.830889865108368,18.153073260139692,7.295224757105741,42.678151872740685,20.179231071076497
1.1914246976534844,11.225880186201675,7.028552526317279,10.874890522309329,-5.6804511835836085
,16.874509622929846,,46.78721889891863,33.75639975585479
5.760434206244907,17.270444306950704,7.46607939511778,34.76529503366326,11.752608289207423
9.451609286616065,12.486618102449135,7.037067512135215,41.34038742132148,30.35401608918759
8.189049121962988,24.185472205004235,7.0749233297945,28.25334393887057,5.547106630437772
9.981406994800038,22.74963057220993,7.813512126949114,39.196318369779114,18.818280078229737
4.156406339065391,20.035335059936624,8.437074663399784,1.7938194696338932,-12.319992262502877
7.904694600380142,16.93443341500911,7.707274401118751,41.10064081419723,20.8016222705067
4.617378222483179,16.17648312376763,6.653958934129933,2.9668040951829595,-0.43864352243802784
5.318880582735179,19.764602007264312,6.651167227708134,44.60575544178026,-0.3056373331982949
6.64754916896533,18.18147804110358,8.402846441691132,49.60617461469352,12.40277004971648
8.863094027677048,10.934096588228284,7.094581580614667,15.409305646662112,41.98704763926091
9.856751222793656,17.687539731554978,6.68413397216495,11.305609258003889,23.246922954403562
7.914460724780664,22.096054258492593,7.698089174300764,38.502804829043995,11.025964632775004
4.759901039506004,16.88859816395437,7.747297556580532,13.398290705092409,2.6892607136176734
4.792213020493632,10.779348663314027,7.797009640237376,43.41255677543797,15.914053661903289
7.638240714300023,21.794172990760497,7.034804055715083,6.039287015716359,6.1565160369618726
3.148994311914721,13.020456732039616,6.5302213684289505,7.171804622588555,0.5433235908854693
1.994267018182552,13.879312523320582,8.430030738908943,48.97842619993016,0.15438140712410725
4.191599418766989,12.470595301484439,7.001786091382205,34.01810601523023,5.625130518980295
3.5851509248867357,14.953225973072463,7.852052576105095,42.49747399701869,3.0165064058850586
3.6667730841039106,21.351272585329525,7.913259739757419,16.89213949022438,-7.007966814731644
3.1024697594491895,17.79078789255906,7.720014834158971,34.14770372650962,-5.973517520882953
1.378838706727257,13.073219112260688,7.125814788427297,30.117849538121263,-4.742827991425731
1.1608654126007243,23.167451172280614,7.0421925075281315,30.554355886024403,-26.076665928031193
9.889501507624283,23.193727824272937,7.695336565405406,34.44409051734836,20.134441443088072
4.849958203622761,23.058676375690105,8.232191267223383,29.19259948332583,-3.806760309029693
4.4589398244371345,13.58194317072309,8.393467457846791,22.02405609583063,9.052666528346641
7.116825544237629,16.768590162714823,6.7118116088075155,14.520212024646796,9.010009495973971
2.9642849907855773,24.774844842113126,6.80965722519544,38.6604852147469,-26.74130701440489
9.549650655552028,21.580187144649855,8.389472517566158,12.087349070156124,23.46925473550707
,10.407511318383397,,34.925361001566294,38.873897036949394
1.8046990208103355,10.97806886890738,8.265987649659547,12.433308309817006,3.9564930933955704
4.758226982064356,16.95897065218499,6.9052652682706865,31.64117832776824,7.451226980448021
8.912064768059482,23.638303087923404,7.6751717422188035,37.606835089322416,11.749378868581603
9.502588200622693,18.080526969290712,7.902279188834948,11.71698055642042,21.252621814598758
5.2066136012488275,17.467187620514352,7.8602237708939455,3.937221742204106,-1.6192864532134288
6.520702502896369,11.582105499349458,7.3163033817333964,7.41771340671453,15.708777946126975
2.503305514828677,19.85170157086441,6.530789783382617,30.693851396280248,-8.260512310131826
9.92051763523279,22.331547409003385,7.665852113608526,42.62287390506104,18.23483464030533
3.0850453124509905,15.706300112613434,7.006203078359217,3.204844240535794,0.11671072467492305
9.48458596721613,21.63417776387991,7.4005084922857804,36.97341169304067,18.018249064150314
6.846819840931316,24.467149808512175,8.415162030167634,17.724613651552556,-3.6862020431731843
6.469631153909732,13.056496886915337,7.298070635284869,24.447890126056603,14.155232973500233
5.614196599148578,17.84994446792112,8.179603213328853,46.51411794243272,6.351138889198451
3.076028305459828,14.307069371268632,6.877081211498503,17.266603732056428,5.8994788897467245
,21.892816285507593,,23.801509763034815,-22.115389059287807
2.9843758816315784,18.663900488217365,8.454013908877887,1.6704383232733742,1.0258772347655825
2.6779443592982908,19.518736263254556,6.703786201745873,4.99833728023708,-19.29527483672336
,21.96871239423841,,13.670987965604418,11.035684998525323
4.151127332500571,15.939557089936823,7.367165585265228,2.3647598002326458,-0.562509630724626
1.5205840890705673,23.726351026105647,6.685250966102735,31.9373909763643,-28.230963972698852
9.721923671267302,17.9954330086921,7.9967686993524625,21.893519483279505,20.446153450683276
8.954072964670832,12.36932234253022,8.329097327697118,27.85911493367308,34.819312709450514
9.349770548756917,20.438486772532038,7.3680419454175174,9.557712108920148,12.088283345908774
9.954170403817917,21.898920256573817,7.0174232843108815,15.500669442394189,9.641327877810493
2.5650572429753855,14.7514251560129,7.368806638013219,33.52739926778353,-1.6736208222634459
4.566178170123929,22.857688854981294,7.9468956357000025,48.29983345788959,-9.311275594182757
7.824146281336822,23.592148821486497,6.518108323160742,3.4704219065082507,10.482381019727958
7.26418556248413,14.153567310667134,7.678907978969394,44.628831721908035,28.995146907195387
,24.75282209072833,,29.267178864249214,-14.576574548392275
,12.110672920731377,,28.632058771025562,28.613000878365913
,13.03023502603735,,25.513648225180255,2.7474754436921263
3.0143585334036076,12.763372588570391,7.928105446756254,4.400310209304986,-11.22611811746313
5.832769806040722,23.409845650118058,6.682782972663553,5.403965735071873,-8.500283140963608
6.336459413575328,19.814388284874425,6.898540672933602,30.444688277295217,5.938292075381118
,12.281564248334092,,17.706970000342356,21.464098384539863
1.8233815365797938,16.604851275525235,7.977446301453133,45.946135262306356,-7.7438539424495305
8.897147763673424,19.229470376047033,6.527491108022691,20.922936330614142,18.243291220126842
3.3904003832983545,11.251961274840749,6.996752520739601,8.020791476429412,-7.8209258752544395
2.1656342915452376,23.236245526110082,6.928812965986329,36.021222841599766,-20.367868680944618
8.998732718820794,22.054053031623027,7.041612656073945,15.374317650609482,15.402607739679969
9.60086348406778,17.57810160364957,6.995119540559773,26.748045060438766,32.705725043067545
8.759148555389055,24.506899228887555,6.625052591485692,35.19380648975333,10.082594151758691
8.285644672523903,16.266414689126496,7.417881033193641,45.11294144890145,23.879824345480937
6.8971778257511955,24.761654785547467,7.96546694957233,39.81736854528213,6.417226447702611
5.957716335482254,20.018799982054404,7.713463449434872,34.14169232576348,-7.051325002966275
1.7828808392026914,19.520069098809124,7.84574333719616,34.30202593736204,-17.501659055210066
4.676078917636288,12.489323429436775,6.662298357072478,47.35030755757224,9.301176120380278
4.354196653110826,23.22891637456966,8.402981420353575,15.495380777330267,-10.705448274478359
3.337784053842936,16.412345318809226,8.17698366768605,1.0544926156131829,-14.758309666459203
7.510781023197264,12.433501086737191,8.110180636991325,14.325773410511735,32.8829295502687
,10.189112799636385,,11.676677601710455,19.073752156147034
1.7294159431688314,18.39633525457574,8.365421016265522,33.42989467058591,-10.660486346055778
2.981648817548302,17.910994331840143,7.588507932227396,32.051868388510925,-5.21033971344712
7.149328872936364,20.790304335537378,6.900564035735252,30.079607752531466,13.837291996847842
1.6851777354127018,23.35387079526703,7.733567215705082,1.7959287172632314,-35.81165989255685
8.660862226438919,11.191098769645443,7.985762987335878,36.710124668081725,37.133376368064766
5.4563187431257685,20.972447355105437,7.975834786708051,16.852990211789084,4.716641510183257
5.325279195939832,12.811179161463734,7.54289804833376,33.587743461324926,15.187226841801367
6.331670061935658,22.87265579735746,6.636917438667156,28.272342996605513,-6.060697793066852
8.422128693326343,22.285952707924842,7.242225876860256,17.793815345967452,7.162007822390229
4.1302828711197375,18.111906324783163,8.341533216926715,7.59423708810128,-4.265384768799459
,20.653641979349672,,5.626525985363567,2.664192086652207
6.09158767596212,14.715251697756226,7.576663886511427,41.74439832249895,15.802815060978384
3.403254431524792,17.06751848399222,7.0377070287643875,46.00147956199634,5.579180704910742
8.907669877196422,22.324553465657075,7.236897839833158,32.83961429145068,11.041726815875355
8.176834194462353,16.888977957598208,8.290692178306339,6.068271628163686,17.71071061599623
6.926066511925829,15.366973979881628,7.832926095053671,20.699333627523796,20.014610025450338
8.655235561848176,17.4131867087545,8.074774053504665,36.718020805152705,23.359665732684768
8.805647808638222,22.423738786558275,7.40869084613531,39.21122331649334,7.568994404202444
7.3752667904353135,15.02812071056309,7.760494438912316,6.792712492263341,18.834163249750084
8.533119955273047,12.606423897036157,6.996767217486415,1.0015052234237385,27.553596168880297
7.277243155023553,20.68021030496171,7.910921660566973,35.894715248149645,15.360040908050529
7.121266945842704,22.389673190621227,7.355202667406674,18.473212623324077,-1.1536483795998191
6.5675024039366585,11.509562177853,7.385091029629491,13.469585249294752,27.15458014712822
7.774449756018771,13.59811169133917,7.798644649153763,1.6319760196867465,23.048035912615116
2.427445947637663,12.12957984641491,8.372561242937854,27.474670931313483,-2.355329351678354
8.927836832790355,15.2191211737325,6.628012693217242,42.7063860358731,21.869707899515305
8.846591749707088,16.75526468358119,8.149486474694015,47.923950667356806,37.41099679969241
1.2632255473110323,21.232395054449597,7.0847662208243865,28.721502580051173,-23.448942897279537
8.432350755082865,19.767213773225112,7.387838909012755,26.208605059254815,21.012465682061155
2.1598288072610066,19.313928512176467,6.543826657550018,5.167762888972814,-26.036793685866236
4.016069688332277,15.285624199144817,7.102092155668626,27.894767275587387,16.14018944425294
7.69157430662447,22.6217132962714,7.5052624852602605,19.618974869304335,10.90045929723602
,17.069307510972468,,30.74962876329527,-10.188129662175271
8.36170321707156,24.686574070227316,7.48219145876633,20.04759104595079,4.132584948370188
,19.512132074436053,,12.77465704906797,20.903562092223336
5.567209603847526,11.89397112346754,6.71078643621561,5.653298486190448,18.065523708870245
1.0574728454515023,20.14266343113151,8.028881456151009,16.43100378485589,-20.398893670306215
,14.876560231475484,,5.735596880099862,-0.2294378309307743
6.55234226538168,20.29490795029146,7.810347429048676,9.667950590375213,7.659547049065594
9.830675602246812,11.044617222436086,7.0204731959704585,49.37947177039775,33.82428277195646
6.686321743150016,12.62322155763939,6.818984525082716,22.76107428842431,18.83337625386654
3.338232229577438,22.836058883586794,6.820925228542453,27.06171655874581,-24.277716412062368
6.706051327896502,13.407693355352723,6.6409838912862895,43.807307908123555,24.080038280031374
5.8598684174427,22.555616878644102,6.871293409802486,49.7828761240437,-3.9057337981332054
8.018608556360292,14.189141326816156,7.828438769977937,29.553008017889393,18.554828691529103
1.9628257494426258,19.643228650880616,8.263381223687016,40.81121723116441,-16.96506761599598
7.849251122518252,20.412258602647466,8.128251371182323,17.02011019249709,13.06290749064845
5.871399208084992,17.689821297175794,7.870268619748968,15.981453914917264,6.3547598544095
9.666928034730951,14.57966015045097,6.720863726822206,20.73248232873345,25.464080900695606
4.076849494348175,13.189665645566443,7.078374892591899,33.95285587100881,-0.5065789020563614
6.693597038205533,10.497840318436394,7.1196137506449375,34.42739277349984,26.96412839262478
9.388252949590157,14.559196018610857,6.9999138927952425,16.44673229782309,27.063576245951936
1.9225875519161133,19.797441857969247,7.5300113194194465,7.5272862826948055,-19.22460389827953
9.43505638512806,24.07457227672724,7.571107629759345,31.98741656680992,12.783114536064339
7.19097150070732,23.068067233945783,7.21377195034222,7.287967247249461,3.5185061217599047
1.610533531946547,21.49097164802954,7.207578317472872,29.346132903237173,-16.948562360943757
,21.826710148799478,,34.97768427475914,-8.644078559005848
7.373548797807534,19.97477355213993,8.07858569663937,35.32996332332813,10.96675901325146
1.6061554132189453,13.904302863490045,7.115591663361491,37.92013342232024,-5.188610133132087
6.23953414158646,23.607925460587445,8.327576887746519,43.77011165671756,-0.845988552249163
4.112947512576611,20.06098467858751,8.405630034005013,25.497990606274634,-12.61175445082259
6.588239659907294,18.406609464706598,7.153485084060081,36.78221028694899,15.996158881356168
1.4116783043126158,11.664842038202217,7.208849897586109,31.339464032926,2.1931230072694303
8.843831255371386,16.705833157096382,7.511268306843918,10.145357050086446,33.03059809584167
,16.905374068028895,,2.2587925986010005,39.19799370677424
,22.968454142840052,,14.942527898169754,10.655705630156115
7.746866485686322,18.199723302816828,6.70513592516718,22.708651610543352,12.98645526970892
2.170776161175688,15.706008234556144,7.285461486542832,31.23819127700416,6.051573678631531
7.824368763361203,24.65200492765989,7.6067423794995435,42.64800719465706,5.289995172290092
1.2212822481292136,11.660808899894736,7.50626494510308,10.616040118602116,-3.6731506168948127
1.1991119637609753,16.33822642467917,6.887726135873786,7.151939705025377,-23.239759614713144
3.912491972345871,10.63037012757108,8.217633542336308,48.21051742624205,16.200664820599734
5.397788713641992,21.098561811503956,7.8538815659936745,6.294183409443948,6.861762508932402
7.933666760270139,23.77114828298726,8.175816749703607,24.44606243525227,13.26749765397446
7.149658389458547,14.200559943257343,8.217528558698945,29.69262271087179,19.59280406232093
,22.875125151986815,,27.527346624464474,-7.918408126418364
3.462639996534993,14.383273456928467,7.3784212024994345,5.215575694614217,-5.518659020442712
9.9741205014194,23.66155242465873,7.721093510030849,3.794318786177349,10.252754100195018
,21.30942855395176,,6.168687945590748,-17.143793138298783
5.062483218967079,22.07360165262158,7.847290834949815,29.693796509758013,-4.518569680305951
2.4726143907250226,10.270098334006818,6.858506511478561,27.672899494081733,12.428478401889546
,24.44215535611039,,12.453298809800469,6.736457254505305
,20.90006488105485,,32.250932950433985,14.910653125191256
2.9869265150988435,14.571266430792,6.73510260030044,41.18330760072682,5.379331379063551
1.7414294105425843,22.440919972882703,6.830568980285915,3.0373690324830944,-28.359142967238444
7.124493718672418,14.222817976223949,6.50398427043814,25.40836723385408,15.676112462924564
6.890600928530217,23.09130759349192,7.937479235707061,34.77621019303182,0.04830654427374581
3.459335742983884,11.688705856179055,7.964802098116758,13.363284426414667,-1.3825111498323306
9.557772060253694,20.555289661911935,7.529866699826519,16.080774359364305,19.74280962709868
2.3595210260281023,18.110477149673656,6.822725602110768,31.068257246479806,-25.604757024278104
4.891013209383417,11.448017052931611,6.66710867502138,44.99882937874311,19.016655437892172
9.49254328150839,13.628407423882585,6.538257932874574,40.68629659484207,34.44132279716722
4.7775458523351,10.186060544159721,6.831496353930442,29.573380735879592,19.077390110313882
6.74673352897677,17.031519481967585,8.281711069966294,36.78086417010521,21.05636311764932
4.578349581665148,14.518978911400005,6.983073683403363,18.876301040182135,7.2100036563432575
3.4679368211380304,18.975362264466384,7.2085426544344315,32.407310876839134,1.600363334366726
9.855798831638454,14.458567115629258,6.710690968962666,23.84289796525029,35.92191523166383
4.684006056835387,14.49878667260477,6.94472260949634,10.306870686420485,2.084593687773706
9.04689283311221,21.14789798097405,7.5384491415604105,35.3851754199856,16.59630424722273
3.0695914530197754,10.722142539675302,7.715505366191305,28.266767230092277,-3.002848175706223
2.9179423362257495,23.54342492787981,6.990704628332422,18.57245751572598,-24.66478768292047
1.2802067459606024,22.783958115867723,6.615464318450234,45.65562031385291,-26.583106022538747
6.865001428382966,20.017070248396095,7.282065738254797,2.02577177350993,8.14791047764416
4.316737093513851,18.898323551610765,6.968406741852668,16.472884411225305,-7.8648682244598
8.779224248556734,23.384537472094785,6.939107846459604,3.7871884911046814,1.6831068477218167
,12.779952692930717,,38.55983849485973,7.782453157844348
9.713740851232496,11.18453743286243,7.732600971851448,35.40326525157584,38.35676978040578
2.6697296413280904,13.592652548643072,7.613756886344191,17.236258718079537,9.061863322518196
8.817608511600497,21.918674180502855,7.331550207046644,34.10748220814658,16.014302902866564
7.989371675125676,10.52005400089725,7.357888666860289,20.40092408360154,36.681572844260366
7.938296601796468,18.742102526252346,7.581810007676162,38.056435779699285,12.885365382640572
8.60304905305199,24.93156274286965,7.892859614072215,23.254999474098597,-0.5503396524722648
7.84921591848699,22.835441407563092,7.904292192363659,21.20170666375161,1.4464184117890735
6.635982894682739,17.821685335653843,6.8433878154109,46.80176585892675,11.996146565326848
,10.954613639299636,,13.29307589464431,-8.3942061545938
1.2927356154212672,22.470602715785645,7.3239161900682035,6.901919659831706,-31.834413185428332
9.287630630341182,18.984677622658158,8.241053932538769,29.64261254971345,20.862836630312625
6.549852830686643,11.723994955893502,7.762837842436753,48.496768801924766,19.19058135517731
8.168835618785586,11.407859272350343,7.565008132831964,19.514121472632144,20.708968809114253
5.33370116361295,23.644402291548886,6.730789284357835,4.039801417810295,-8.671866205666447
2.0557737006615504,20.03800394407118,7.711275778646823,17.625958098168805,-16.238272682624665
2.126672129822954,22.439301989751335,6.734407811360467,25.790651061658362,-17.669417169030716
7.170087585060743,23.18468350423401,7.174413151131504,8.934227324978472,-4.416015370231411
4.872753054095164,18.576585280724835,6.7856839296286635,33.24700868476811,4.513435187183314
2.8047225403030307,17.761695276325618,7.884147294048738,49.88972006149983,2.961936068521438
5.424350920672932,16.45641115481485,6.912504227672305,23.135234323090746,8.202285728736765
1.577880433676207,14.75419881686679,7.283718746376052,18.38169927978042,-11.904928890043731
6.237742617229589,16.518939412880677,8.291349555237558,20.634504174888864,13.376712258278035
3.4209406399158793,21.608194835952347,6.908632766797941,6.642162741364856,-18.373457994469785
8.178031905734693,19.02885146522697,7.515610127917558,44.280406469884966,14.412494648690599
3.793257630312164,23.387849349322693,7.338543322332044,21.326457120546248,-11.252647904015248
,16.650700215687817,,19.976446159817225,3.2902714174883365
1.1045848591729057,19.10634368078131,8.085516227145625,33.32482337359324,-11.203528120370189
1.65202199015103,19.46961329637983,6.6380918126292,22.659637625625052,-20.668130106716056
4.532442007660164,18.875457434594885,7.448510041953908,32.76343997158446,-2.345468674149698
5.319449512454112,20.539506596282745,7.6213565898779,4.010868216408587,-5.481198899994581
6.400184933073733,13.561502025622094,7.756852913229174,40.872443842389146,14.999527174771128
3.624963208383729,17.68545666318686,7.877263258615751,47.08469369109073,3.350391465660583
7.254836975138883,11.563372042125215,7.00654476704543,32.78950392180991,37.86476665726389
8.741101574702842,15.767669914672188,6.519957553316899,47.77373051408173,24.81634123272259
8.018658900040148,17.315006029318965,7.946887324709824,8.420183404128203,14.823152050665339
1.3565694281352143,19.783363893182088,7.571313198695157,24.393393284537332,-22.714188937727087
5.32456252532046,24.25796578879305,8.172235406414497,30.488529963326915,-9.984578983031264
,19.00976599822534,,29.50509572363815,-4.884080875362905
3.178405142762747,21.153908742648397,8.186652335575767,20.671627175363117,-15.661053149382552
9.879963339404318,17.593990892428042,7.47018931995908,17.566136058946807,24.24739849355111
2.282459886113619,19.51156047064497,7.167256791673731,7.214377104970521,-22.34026987346905
5.489993381062204,11.063983242006602,8.08311640518274,20.195380077551633,20.93445690614244
6.563401608863072,13.815873712627704,7.40258822605851,8.970379940168772,16.850033141409657
7.322184734896935,15.427796398077081,6.866884392806869,36.983918148118704,14.068155403339883
6.036838151382227,17.087400325097704,8.20994803912295,11.232715839234908,4.983435762733244
1.087937626772653,10.684731182535756,8.265119753544695,3.869699958942159,4.519542247680799
3.938151774195927,12.100361463299766,7.43261951228034,28.065940753044483,9.609098069448903
5.6594047904624025,14.152214616869585,6.651399454619575,30.16625690325068,13.494746568063762
,24.57299036351576,,43.72374000274477,-24.377866870358442
4.155642380882627,14.970205106545762,8.107075318925206,29.272099008466412,12.898751511611941
1.298827979122299,17.230615871681238,8.303548057092458,17.92856183244884,-18.944985390470958
1.7072064743951867,12.941465691075894,6.906945484995192,40.34758219478971,-4.933700164086367
,19.161701066136523,,27.473665766183633,-3.608393323819601
2.194441786387543,14.210248232739614,8.254700906265677,4.884733946928396,-13.183641905898778
,13.104888676576401,,28.726677455349087,13.53973579818213
7.2051847222353915,17.748589426689687,7.583521928535126,45.49290872566146,21.686692659571104
8.205280291981746,10.082586987406312,8.436131624101519,20.41931864941281,39.35842426784025
2.8013521982032907,10.11496048973838,6.6331294558284455,15.519964293090203,9.963865000101539
2.507343240331628,13.286032136527867,7.796636014904191,8.030003393882982,-4.482844822310014
1.9411105630096022,10.550820437512318,6.648210845149734,8.420830574832507,-2.910164935362956
,11.62038631196037,,22.205802732749127,14.555248189027155
,15.082909740081273,,30.188311383914947,26.465535697301384
1.2842753034307783,22.038785193697194,7.366944465511269,4.950154853310486,-20.627500342812066
9.42591021619321,18.58072965053951,8.4943647078059,47.03886086223312,32.83312976049723
,17.690015889346245,,38.0015472548146,-4.793535166668766
5.871667017709634,14.402332348121824,7.142324305271907,29.74457199589947,16.35215701725186
7.381544675058247,23.976305791492244,6.940222651809506,41.59349487601055,11.30920444035553
8.83872211371477,15.955225618557876,7.201041068572324,4.929151083793551,22.57526299690654
7.4267823891918505,11.306391501936572,7.245066547519102,24.365105008923095,18.990187439229324
8.215552747628127,19.25599774176702,6.637427355447922,31.874563216221507,20.01298899560122
4.0550517328852544,11.70757590214902,7.239148398853546,41.60399239979617,2.85978306834469
8.33342602371861,15.17834714202538,7.42847703947845,39.39000844241412,27.243162485468204
1.7210336174620764,17.611179080767133,7.945475504477609,14.576393235956582,-8.464718483290536
9.05334990454475,23.113337870277636,7.813458969443216,47.10312830840101,17.09186904734938
5.928331385383626,17.40319870510178,7.917531310458308,7.092946230112648,18.812066458324676
8.355679929662443,20.533881490474965,6.516727363753715,43.88154731243645,5.044237473501614
5.070864560664702,24.892252584986053,6.9353347991610725,48.57607223062631,-9.583876307523935
6.792199256768725,11.972336798469724,7.823368576799713,9.680522637908652,22.806705142157888
5.737623948425019,14.120972882792792,7.467978736359495,36.38123714598548,8.56575171476523
7.584305695797987,15.918641133964696,6.5106269513366914,2.9739904201219245,10.378921726456344
1.7346698382753063,16.32742267808247,8.108989284863645,20.865718431818593,-13.957083448444084
1.5431687559150742,16.165316128983186,8.045619146580675,26.297881660686027,-15.414808062697695
3.223929106091318,23.614165038348325,7.596838325987125,29.45161606957207,-17.308238701121507
,20.710489667002847,,46.86092516417941,-17.620810735926256
8.846052099329814,19.118578211360557,8.033030099065169,33.940283677415536,23.026219510745634
2.9729258862223986,14.640590767941731,7.667427175462728,24.58261960974261,2.7900029504121977
9.782787302372181,22.35685576331942,8.063919954315919,40.674076777028574,23.27240739299325
,24.325907672274834,,47.57610822676604,-13.779284140909514
2.6390612411982937,22.3179742382534,8.106004143915674,2.0812412854322515,-17.65113377877623
8.107286564282312,10.023476577872094,7.53601613280925,49.1435423405459,41.8835026798195
6.928369979507885,19.546020552751106,6.78064903638703,5.220474814120337,8.47065273441724
5.483761448078251,10.76703072163151,7.842314946759378,40.904952184169304,31.033601907901335
5.998271958438681,13.864108305005828,7.740947570103941,14.736402875019213,20.259099758673024
7.472816004450374,10.892870505216575,7.984506374398174,7.476803229939716,36.894814259652264
3.0560926719816885,19.056931794240818,6.83976201210147,22.55292634597791,-22.78018021547352
9.967005244510677,20.2988487023891,6.889950399800578,32.55387239293306,23.311022262470512
,11.717314570988577,,19.666640406150275,38.19929324214001
6.852931177122432,15.757583245674692,7.999955596904142,3.673705005852249,14.491894638633134
2.7958820583623063,16.84354763433313,8.316456977400646,30.373595843277116,-8.220437026946746
7.122054181881622,15.535795326413748,8.017430642327842,45.21776052942306,23.06759927493558
1.6497856808125826,11.815375007277895,7.694310611980604,19.777552931415332,-10.904382561467504
,16.28421685281213,,11.600306103910524,-11.299457970531858
3.3191459966009234,21.267670717126272,8.27825584788002,22.686289950707955,-15.112154785259802
5.163606610653847,11.065114967998833,7.657613509023881,3.3697728413902626,13.009270214344248
8.814452548675424,11.202700211228551,7.764782648656775,41.20389163953347,39.62693430568722
,15.321569377539763,,41.49069973655915,21.841858145402718
7.684358690799829,24.125885674283875,7.447842440232206,29.812022708051792,9.592592593617148
4.829440010032679,20.02858970084371,7.932794223916198,18.302041557981084,-7.02810138908157
4.113414932922666,20.180049350088474,7.041885396632731,40.189384857843386,-5.61478571591582
4.339348866861425,15.428799862567974,6.90450836104907,28.17966421462999,8.457739157263536
9.88884607362452,18.904911868128075,7.127653616448831,41.470683118950795,28.27895408719177
1.3609827227123423,10.15196776041615,6.983001255985667,31.94148083656801,2.2975993276786957
8.803283465102037,19.541440696143134,6.929825274072792,39.43586818742707,24.812074954991992
6.208078677151541,23.69930421364355,7.349701685736174,30.329586667670238,-4.331916090505754
4.947538772706315,19.188602025172287,8.315677027767068,21.292912342567643,-2.1208577965169866
7.527318943736229,23.105478901995177,7.514119293477437,47.93934713638074,10.370272753206702
,20.859595831991406,,27.514577419063393,-2.501027845574326
8.860809142734945,11.808376246055353,6.653943338761748,30.649386408486382,39.34416470904386
9.106316776101327,23.536799609287627,7.89231229027585,11.803894331322713,13.325709716052703
4.795488341861098,10.996657665336624,7.265597528872775,31.656888681936547,12.931458138683755
3.4914501751154643,18.009512088216457,8.14366189317072,29.008774824664247,-1.7534828445773785
6.33115295734026,12.132056856901865,7.81902153728154,10.057081499404223,15.612393207647631
9.211270110550219,10.17559916096356,8.092482901082738,3.919767770304042,42.970495701263765
2.895959701050999,16.330513901914586,7.0438920788368975,30.613606666023784,-11.53979204645721
,14.425610614812344,,38.42092119816571,25.96177028891271
6.684041980832685,17.290007406964044,7.028123969387438,26.646667175178404,13.651430317757224
7.5980172017375285,18.65799830101826,8.378136958900583,12.11185864066264,13.629675860954888
2.1841091661453382,10.656086084634211,7.772748563066749,33.65957685795871,8.450124946523648
7.442424682138797,11.845049426856185,7.149023600350684,4.92518060387051,27.294711238706466
9.181292685990769,18.37963594675638,7.0390237245845455,22.649851535295777,28.622620705137784
2.6171479798321777,15.147510297589873,6.8818531701432875,9.004971161522588,0.6193048671156678
3.1378899243148988,20.93760231324172,7.889281917787455,10.038493501934285,-11.586530557202902
9.742555846374756,19.784374728879094,6.937431225995855,10.912403508751979,16.282563523776687
2.628792574385408,22.684065444848603,7.6906065318549786,19.948645795154917,-21.400938642703416
8.689465840326212,20.38739240003838,7.0292700538507145,3.506360075399484,13.208851060812082
5.430500708032313,16.448966160852223,7.823937889587738,20.491878605525812,13.448274385366776
3.2250796696285935,20.09449933591649,8.129879457081078,26.07366490862034,-11.543346953893737
8.836749111452603,14.130717613831278,8.056050486289307,24.681419963349935,28.60982545321873
,14.59470248167319,,19.756420919748987,19.099280742877944
5.633356185367211,21.8347773988119,6.875444811384504,42.11818379546687,-1.4992808310529346
4.233100324597891,16.696292746023733,6.676769893969038,8.121007928604701,-4.5734876865770095
6.3365576629143465,21.975705107775287,7.897897656974771,25.779140445287325,6.039368770982783
2.4717148532652047,22.336335605024175,7.236694427588702,4.040029430871161,-21.335723774050084
4.519733829865846,22.86343506491926,7.364692452806695,4.486628265017577,-18.580495291965313
9.724710901017588,23.74952853761811,6.562298185586782,29.11942663417772,19.084457785686528
3.3232008943101476,16.464778307699444,7.019152898550098,28.734902819503226,-6.646529117569051
6.910629980871629,14.783002274817083,6.567352807748928,44.02364212937839,19.4584667712331
,18.73298119891171,,28.335810107343587,-2.95196674811083
7.961258131179406,15.567586351564414,6.986793366437061,48.02975999983766,25.104789869756875
2.177862946465148,19.016112502003494,7.614674339146016,3.3860475715965586,-26.33766436862589
9.728389405706903,20.58378793965737,6.577958641322261,5.802376554256313,16.246049372632626
5.084105872452753,20.326075277382053,7.833694782611316,3.1592272169486884,2.4590290036900093
3.1244541701181756,15.61829330530182,7.146054691508188,10.078565666343462,2.4398504433421344
1.6614707259701138,12.502903025481292,8.295838373915332,27.52223543614223,-6.4589232248264
2.5278211457878665,16.457940076933113,8.276236377868072,32.63303688994397,0.0038750444286916874
5.677965537004159,12.138912161228632,7.150581236723496,3.233672739484771,11.354093719469331
,23.351455527757125,,47.35257360243437,-11.222289365727946
8.459950292943486,15.188161911067862,8.492315346997557,42.266103455868674,27.27858917636865
4.877987712956253,12.316896208349856,8.150831328247897,15.534011625697563,14.079812851550198
3.238428453288669,10.381716398586263,8.189742695510457,4.78218898109693,13.198374692100508
6.554304879436271,19.68733579429726,6.99801747221818,9.324466587733806,6.149248355833034
7.360994951969012,19.553534761821147,7.653404797715512,7.220276273993661,9.269381258556177
2.5033771711085486,15.109062498719375,6.634511827934736,7.040905185648396,-2.208824716237987
2.508572946594859,11.075678332714766,6.689835873643339,26.40952274462096,-0.9460927986967045
1.3300428424018866,16.14443342342848,8.49778522406658,13.046524682176614,-11.973409547869744
7.627618135590764,14.668262425950903,7.153278498851822,18.54884610992808,26.3652743272102
6.974240748596245,20.15680959602514,7.9963678240976925,49.4857613358318,14.147243479613532
,19.086688741790354,,34.53139819734189,1.476627016750991
8.597534040722774,15.4689059229631,8.216046542014459,47.50005268530307,21.559149606238336
8.251031376550479,13.26838831382485,8.495256594804314,7.985271196622664,29.814083220945488
6.26818927957077,24.82053949233388,6.9829929705137355,19.724834266795895,-13.74653571387866
8.814441524619328,16.810024317941725,6.5807016537194,28.18185836083536,22.078890480419997
2.8525708903309144,20.324113536703557,7.322383035989172,4.761145032548162,-9.030941568330629
2.007276574579551,12.10829451367541,6.760161339657894,1.2051847377699354,-0.935652439679985
3.4277465036529065,17.28384549489097,6.5448517783241105,33.85128235604896,-14.344822458487176
1.5137817048038338,10.413050798041983,7.220853654282973,32.44915632327033,1.82126056338828
5.780525752009288,17.58182676865675,8.067476502150473,21.128651689980977,6.357205571943776
9.429451230654653,24.460261106765536,7.632361382450142,24.9925597255696,5.805944982347114
,15.763100694787003,,21.35670702901239,-10.256630909948255
2.098989226090241,10.584940188623674,7.80868401098544,2.176247197399554,-1.2029727545316633
5.069791254550918,10.464336863790153,6.964036360617621,17.43320870465566,14.181987763368792
9.404875157751144,15.819801399203042,6.5287628921441705,9.677030514467202,26.76584597214621
3.8454049447907543,12.40037404694791,8.028706772872855,5.8227852659670685,3.9221926614565192
5.565113278195532,10.35028144492279,7.747486169728019,47.87930126057814,24.012842051114742
1.3741557314535289,21.343204209252654,8.02460524900192,30.368626527066116,-23.708483683177842
,16.877845133228362,,36.70415792759353,-11.235323683453085
9.879671106629623,14.338671579589818,8.174239255661304,16.452823420039756,39.59230244594204
,23.501247745247213,,20.264209345206744,20.536203565658596
1.0444598284096864,11.742084403007883,7.62679070142528,12.60927570093945,-14.104027277448594
,24.338782434329786,,5.751317877305812,15.088303626693126
6.752079440339504,14.709500760660292,8.228866493736728,9.772550234637606,24.654905467576313
8.811264650680199,23.32605508463022,7.673873013117814,40.0781882195278,20.70972551278794
5.092658700704732,19.044143147191924,7.661900759776358,34.199744454005014,4.889731423630443
5.640364257213252,22.40061039612231,8.481358314131532,27.799514923288367,-6.384399831371711
5.399619222312282,24.760197448156966,8.013460334137136,24.279403770471635,-4.92426370476198
7.001778317914939,14.326081567281186,7.384587610902271,46.1992798991501,17.707276085201155
2.256861292806816,24.417032281113894,7.914794000065855,4.564012441154752,-26.935991684762715
1.2697623088541015,15.842228423536305,7.2784609433835765,14.749439848657882,-11.027599117636855
3.7713694743207182,15.782678571053836,6.957750924966998,18.14695482496499,-4.480984633650779
7.342126864629821,15.105806563817586,7.693703753775519,39.338864798426606,16.241461772430945
2.816681069106535,18.121114110213778,8.356364196227902,49.63321638793659,-2.33208834930525
,12.312175647677307,,12.7928552231005,33.832933308184685
9.729208414965434,18.305672280370167,7.183810556210981,43.84105937271695,33.41069093807232
,18.12557218615006,,41.700515261157776,-7.986597311744955
7.053419064026136,21.42852718907305,6.923271797139723,12.008212484446565,8.891697064087483
4.993751973741141,22.504749429063786,8.491262218997766,20.567296429761907,-2.058518532039448
8.813280289397548,16.606620254686362,8.462235815735871,21.073970595333435,27.90341286779913
2.594348105026473,14.534998740272407,7.799017859414895,48.93281275780136,4.986640307483264
7.23363357003548,13.890023459756417,8.108828119354946,9.863703167566017,14.695917966183481
,12.919357550573078,,40.15874058413432,33.78507397249791
9.501527975266209,10.864713732985374,7.686316438078936,17.375442994482388,38.64049033570772
7.1492322546068126,15.136719682520699,6.606695993977795,36.81264694303186,19.45854474898536
5.474572876075846,14.053715381961748,7.409528685105322,21.58053921048748,10.230919491428516
6.560625161810925,24.49626078799611,7.849572604334821,29.339628392710463,1.1213652027068375
,18.36563239375066,,41.79797689298042,19.242211996552058
6.1354877197494675,15.209155585457612,7.246245236844767,40.404112684210325,12.499631904560122
1.2734835372715319,18.70701401490544,8.383383973316061,43.45473599344531,-17.3954603523951
9.3785382595628,12.087950520185434,6.8347140644735624,3.921248941888292,37.68071943469166
7.20574075928405,16.66065623803304,7.500718892431121,34.910477098947496,17.390899852849635
7.088620471995219,19.393514821315957,7.881767953101646,7.85938145936638,6.960501093949473
2.9410763715794546,17.33346747688677,7.894271611783618,21.37510983290214,-7.849783169991531
6.929969232093915,16.026682009814863,7.797277913537631,27.880832337679735,17.0998853283163
4.544779650887426,24.907725833495473,7.050576426903721,20.734234752594705,-6.331390702589491
6.861096793373429,23.204721432233903,6.812413137373244,26.460972114347367,-5.42184366183942
1.9593372727719165,19.351089372391602,7.7718806536534215,49.82978913113234,-8.887142498931329
6.920607741427324,18.54066041773424,7.698604232278876,7.6256483719298815,12.191500747434478
9.994723531936,19.30990719736876,6.858712020578482,34.097346221484855,20.63677892572482
1.4339083497450043,13.019681617336499,7.910278291141127,20.404047352895144,2.370367136826663
9.794567657991855,15.92706614896478,7.410343983467313,7.517480146459111,31.68237223627998
4.662171646505835,10.59189299336349,7.835521183206306,8.778101405341168,12.219497644996988
8.836781053035333,17.1331905623024,8.174734159540302,47.51438220603523,17.633996970754545
8.04146935652446,18.14536875936495,6.839456857153847,44.10047333887634,19.73157605600637
6.10314634888001,13.416246041548144,6.538289735993674,45.44505606033607,17.811451947547965
7.646042883261939,24.460432707482706,8.058205172791574,49.58510601554194,1.2016027057552394
8.906640051712131,23.64181916405863,7.719394850305232,11.20745411041738,4.731327566264794
4.637262894859297,20.832148531838588,7.899279139244244,18.416527530839026,-0.4448617918328983
3.943298454069148,18.000799431480438,8.176309949977284,33.79173246631847,-10.419942957622338
7.0083404700722625,23.049537394715273,8.105621869649001,24.706324453171714,5.143106586086622
8.270613477471327,11.959785157351943,8.421840293857649,21.50108713553834,31.27918135043875
7.860566212989542,21.857646914123276,7.571870157704236,18.53275121744406,11.284391736769116
8.18032283972771,11.872312209502724,7.4769912653198105,30.09525096522916,29.910476724834723
4.920249833316397,21.91315993824108,7.30377439978146,29.204078003364017,-3.8826264835900073
,14.136513523770354,,8.911433869147764,20.9178549731391
2.081881498335476,23.156358715272834,7.645214465764045,24.115252038403515,-22.26998761724871
5.900401881647646,24.16063140738097,7.054025048651957,28.120117034282643,-2.980784739363793
1.0518279444830942,12.231939541076734,8.342615024425951,28.94405999783813,-3.042051466937909
3.9212724691024325,16.940134075980904,7.666381608554195,11.295252452705238,0.2567260636598927
4.298153813842581,24.714810672440276,7.68568036101622,37.37129822036205,-17.312808409365346
4.565554224483298,17.251111539597197,7.20984932175402,2.2347556462324123,-3.58957521894789
7.25920486020876,22.953212837718176,6.6039787039554145,18.38676092161497,-0.7324564223776582
4.4970229114331115,18.830972831969795,6.563487530745977,39.230419778246045,-2.791006610764225
5.038242603602776,15.629948618794028,7.346670288306395,28.630753131714716,14.607310874146028
3.1378971778689473,14.286753332888054,6.669130756194476,13.796959193032151,-3.271522500514948
4.35926612466406,13.048346366291309,7.713693911080278,35.052702847809336,5.057651743311534
3.045426645368363,21.42697287066546,8.261946011279315,28.802156263647596,-9.645449431952407
1.6587633139159927,15.798107602345418,8.265829633037445,40.015936863362974,-0.16884334204600027
6.431037340432401,17.66913193301127,7.818090820264465,37.016234123301345,5.939623219604754
7.013915186995146,17.384882200017728,6.922463662945862,30.8952881797755,23.63708962092707
6.575413114086531,18.65918543849697,8.225993662717745,24.92070609022989,12.465638808153681
5.171446394205152,22.983657184368283,8.272186870626417,7.525924157708647,-1.7797557306583647
4.418072021613068,24.711090153751442,6.893307169905917,13.805317876383805,-8.275969481723713
,16.113763128607253,,21.535874172937177,30.60144186166209
5.671736066225963,22.412783831594545,7.073039097854246,30.365665063313045,-3.3734401639850153
5.312636898667579,21.467916919820766,8.105280624705859,26.171684905549935,4.4909308022672185
1.2307785922579213,18.602934271833597,8.494475799807205,15.121041772016945,-15.525158856110487
4.071230448635407,24.340707154178997,6.560052010658786,1.316753531695817,-12.901085071485003
4.421760569072713,13.00711773292604,8.294731731581864,25.315721873139882,17.067614583101687
,11.63896315464432,,14.995673439549911,7.332074825959002
6.221551323045991,22.809429504331334,8.446765238329643,36.99580673481622,5.830131797428404
5.802422920541906,16.587247249506223,7.430019035052855,2.173366998253691,6.290525763534879
,22.704532813105907,,29.656562753983753,2.8954368005257667
7.883949353879155,23.396353077931224,6.624788137196554,47.1322376377972,7.912910327321866
8.316871648444842,10.93686390428607,7.170558100156591,9.546054088463476,31.855924080610098
7.46310768603845,23.25197144479091,6.63403307550242,24.110825046779173,10.79135421968717
,16.724785830541332,,5.47967759903977,20.94075368276026
1.1640932440872547,17.65648733506348,8.133947814543674,31.65841370080628,-22.737462142143478
2.7620018711519148,19.398887666398153,8.205094842491942,27.976052349215053,-19.54896883670518
,23.895739100951303,,20.960910686428786,-22.445440745262083
6.827272427391427,10.28674141644646,6.670206972239571,26.547474052213317,22.3557497083066
9.082274940549881,17.152652024767256,7.2711951850266665,44.932158264981496,27.167011604827472
3.1913406691866935,20.315830636458408,6.642069778088004,10.618420813242285,-14.223596799150007
9.34331090316676,20.840604365473425,6.921586203100057,2.1056610735620147,11.196415493693339
1.5424065126060476,20.38798647305662,6.958731554075345,43.22157935025595,-14.0462989291659
9.409924241249628,12.016526941121828,7.438214422095157,29.278737037007417,36.46444781976104
4.16460418515671,14.490933825575219,7.037124334907285,44.64226431763028,5.672390823565147
1.9127874560429485,15.380732881255202,6.701956213635523,30.250315947245458,-6.955206028416575
5.372845832676931,22.066558115192574,6.834982178188215,40.69789340802542,0.6572359652754556
,14.181398086218294,,22.05399480440225,-4.2055056715894725
3.5638561176573056,13.160574458008048,8.446153595824597,37.74313663312517,12.306267465986279
3.765609684336579,24.361720285571444,8.018585013836947,45.73903187760294,-6.044343842077531
8.22723308049397,10.132949276702034,8.435522930539124,29.03402522238811,29.29634192330741
5.85245149007729,24.967312835229674,7.379480973015817,9.858472377556597,-7.2258046271543535
3.8017692924040327,20.152319482860932,7.056736963325314,14.17108313647971,-10.818189806852397
6.493004049798265,22.427039491736757,8.096586394418374,10.733584267972883,4.325332187543358
7.445356068008742,14.419290945192898,7.152507836082293,13.095994352190912,14.343263576366189
,10.214729165005899,,16.014357018200784,17.232898654151224
4.7219419137281635,21.06804277842295,6.965011984415662,28.201555550906235,-13.29817648863631
2.096974840032528,22.512168955010136,6.75935795644847,29.811589843727806,-22.64067248969481
2.630344145812123,21.10714197930279,7.012926122033532,21.898487614851195,-14.181844905032746
7.130060685684845,12.14275430951258,7.210639496947776,31.155618211220936,21.864631641268694
2.6329451292606425,21.301418833854534,7.847988416291461,4.99717135495693,-21.383420003758157
5.726470453003541,21.533841731614615,6.625129684438903,5.301623615849838,-2.856296126815563
7.381416355501894,19.878107735050826,6.921013879330686,9.419643557525264,8.86315108211178
1.9618923078526946,21.491738991933794,8.118047280583353,26.38579740397689,-18.32867493625565
6.105809976660132,22.688821595165983,6.793843847167541,11.485739256217364,0.7841889466698744
3.309065053312274,19.204061713561877,7.185290293045043,14.88093577113629,-11.569132611021299
9.666341877138219,11.329070709545185,8.22931784371628,20.61532897247671,41.67704087839785
5.351910820479323,17.314417145008164,6.809850622286885,40.78144007650861,3.8906257120824
8.253932947976423,11.164740020074076,6.66547367123638,1.6792446597301458,24.85967224341451
5.952038879406356,16.11314546548646,7.469075990160022,32.8195621915945,10.595680528008247
1.3907127956933725,16.106597336884413,7.104839022557073,33.77495002099358,-13.718703095335155
6.698362380346201,10.990147662103624,7.626816728967708,40.13413323747519,24.72113598890893
9.562630079859913,15.23230800954219,8.10760978096695,46.70489401395535,40.00707554207195
6.414506381316981,11.664971481869722,6.774296976305486,1.9867545985152015,17.832192596977443
,22.123528150138334,,8.535401570147593,6.647546423207181
8.957858170135669,24.21532038946706,7.511017520779728,44.42239340874366,12.207809564028132
3.0527179475403923,11.084747128869079,6.7881575720264,23.467409547163754,6.144212488361816
2.90840355917404,24.326728109375523,7.747996971057965,28.664941307739713,-25.55735498349028
6.498828899658926,17.838648990051176,7.047280835721543,33.48833298243422,9.244569710398796
4.699256228260342,14.493485169308109,7.475668637088025,34.274263620286234,7.456818499853169
8.558751725800484,11.152931129142452,6.6645446485541235,46.655279762508904,34.289519951257226
,17.509364021056268,,49.850521453171815,30.22375869294595
4.180792413724463,21.91773316736123,7.112926936085641,36.28771558561607,-7.949982947595669
3.1318350307703384,20.606297159000473,8.14476242237071,15.07383925105239,-5.6892048685612995
8.024729637194756,10.753390171959607,6.613957453994736,44.10786771242284,32.890289014844875
3.4732543199332246,11.093527530518553,7.33721454983666,3.4118248124973185,15.40665724653406
8.403528866623105,16.043099239489557,7.416862848262876,12.322961790850314,19.985161236957495
4.813644282838865,14.429357410719149,7.950012152598237,44.971900155722025,7.783902931399966
7.0079490936232345,13.485764845840718,7.648575150180422,13.553384207528392,23.63293029634308
1.8598178245120136,14.215067483630705,7.834424674388362,11.811901921465674,0.6221910463528584
6.614733922089157,22.05224114945327,8.054098571303513,7.768139363872114,-5.066867418044406
5.065909108635062,23.938420804477808,8.224405947316377,43.09647612469891,-6.885992773407424
6.279476168579267,16.076540417913495,7.127750993444941,25.502854700363248,9.432302241843725
2.5121278697037708,23.591665031987453,7.576045410727806,34.069766949653584,-19.137390839438588
7.631863704497639,14.82243551871823,8.1802161568784,12.714252819676453,22.106286619834
8.765173697889058,17.146554795156874,8.478902261930113,38.14398062954961,32.79241659312027
2.9506582008169806,13.390434967239996,8.279038622087526,38.240271703142824,3.6729822086765687
1.8614309996814555,19.60714063263766,7.242934525248754,16.31730322050671,-10.537073662093093
1.2127472744170276,24.68471672762213,6.890333034437301,21.12344901750386,-32.433354309846216
6.777743503989394,19.052396440650682,7.478785074813177,11.274823594079843,12.76199398579944
6.463846324799027,15.367211261703233,7.983282903672085,48.85149014282231,19.588197611062625
5.92027671442663,19.717261689857928,7.485138141506595,32.63452627586217,13.307447025680627
3.087523865043779,11.843810176980814,7.466361726627337,46.79265015506026,0.24373226263215653
4.518153963149632,23.32988620398098,8.176460842163602,15.865891637827525,-16.037010753984767
6.350287016675558,17.546259261697546,7.222807558134373,39.3126547368476,20.582504794160947
5.470901729732525,16.74024613059463,8.219589349623291,38.527073550352355,6.389782299511764
9.890069681933985,18.78797182680279,7.3136096019034476,34.891126941460534,22.98491506268627
2.227957773010598,19.371757941841036,7.156466211356679,48.31630978807322,-16.416014650286012
7.256300986428344,11.076637093397695,7.407979822399398,20.284211469209463,33.01085140853499
4.638868912938629,20.239258318351034,8.024893917349736,7.405148855898108,-10.77360437652013
4.853796534330533,13.628975204732944,6.752004055727989,33.913734102958976,10.642663817462964
,20.709289487598845,,36.7361802233831,8.558087040471916
7.231925361919327,22.33802191576295,8.402889651326184,29.17796809948192,12.18829218253037
9.921303943319694,22.059377613287804,6.850983254762715,11.134076763536417,14.059233736862351
2.155548605087127,18.28751451111834,7.635454635862109,25.718341141798412,-9.69590703326167
1.936986844457497,17.802548384661268,7.658628933323875,16.29729709188734,-18.658570304746853
7.51904935415867,12.143139420091176,7.47924892410049,21.945859880167763,38.09213249816452
6.205482253057681,21.63019225604703,7.789490497153637,32.615710216388536,1.5148718972951096
3.4674459990382527,14.071140706700715,6.959653451595237,37.515522391850894,3.429798422794615
1.7147743209008794,17.450431342269198,7.605324535553496,12.379009854165814,-5.407331497034463
,14.264111393912751,,20.860942671700712,-9.654351394601413
9.047717871977065,12.007425444995397,7.823334519258378,14.18891697858983,42.71454366133416
2.726805922468686,19.443365453376046,6.7824470867462985,10.732949079231586,-16.06309162705586
3.9103440590396867,10.814980522343557,7.641754833678952,39.38597377979608,16.68147979811565
3.039907620042892,21.229678511893,6.870540710766647,45.55338202741263,-15.262077855476795
4.194966752487436,14.763801928916749,7.057286126230073,19.14137709854426,-2.832885421920457
1.6248145847148403,10.00202039506728,6.937419600647166,37.81266729431458,4.380400016544927
,17.66693708855845,,44.952769178856144,11.017123676165
1.6085130723299341,10.702778627914046,8.151421903121333,42.46008631598135,-3.46927911952948
8.203208570401255,14.142543367313493,7.0714151353217805,9.957856038422069,22.798572829660614
3.103408737193897,20.60464731183574,8.354247563728899,47.8583021941547,-2.3712545650086465
5.860107231440596,10.940344324327988,8.439853050690381,19.45714558104366,25.02593639666999
8.920711788053124,22.590077385340035,7.642520939874195,17.62279239751798,10.673389810228388
6.8578963214247475,10.057298839878747,6.786002245331453,4.059135036611236,21.77217229085227
5.796620078962018,13.702358038028533,7.2490964867591625,24.822509051139267,24.675501579679576
3.9190037780383804,21.11356084228107,8.095464526696428,6.341667166405506,-17.089399636699337
3.9970172175237813,14.744052245939603,7.234781457394141,13.178451225443874,2.3710060323322866
7.025382596783711,11.528385820990202,6.674034436605577,16.53018846659679,16.410727475036477
9.947254250990508,15.40350878200642,7.613569821856376,40.632489851092515,40.986930633054925
